kf_id,score,node_score_graph,node_score_loop,img_bbox_coverage,total_observed_lms_score,time_score
9338874309421,0.5,1,0,0,0,1
9338641285721,0.499982,1,0,0,0,0.999817
9337942217121,0.695074,1,0,0.308611,0.821429,0.999267
9335611985321,0.698895,1,0,0.348656,0.821429,0.997436
9333514778021,0.70423,1,0,0.354208,0.846154,0.995787
9332582685021,0.712051,1,0,0.403232,0.861111,0.995055
9331417569221,0.703567,1,0,0.344566,0.848485,0.994139
9330485479421,0.707934,1,0,0.371647,0.857143,0.993406
9328621291821,0.721482,1,0,0.426965,0.897959,0.991941
9328388268321,0.499176,1,0,0,0,0.991758
9337709192921,0.696486,1,0,0.329411,0.818182,0.999084
9327922221821,0.499139,1,0,0,0,0.991391
9324659897721,0.729126,1,0,0.471926,0.915254,0.988827
9324426874521,0.739867,1,0,0.588598,0.910714,0.988644
9322562690821,0.741741,1,0,0.552185,0.939024,0.987178
9322329672721,0.735736,1,0,0.493824,0.938272,0.986995
9321863620321,0.745276,1,0,0.577243,0.944444,0.986629
9320698508121,0.73749,1,0,0.514185,0.9375,0.985713
9318601296921,0.730696,1,0,0.496813,0.913043,0.984065
9316970136921,0.737994,1,0,0.572598,0.912281,0.982782
9316737112321,0.73873,1,0,0.557371,0.923664,0.982599
9316504088121,0.735956,1,0,0.511375,0.932886,0.982416
9314872925621,0.737176,1,0,0.555914,0.917355,0.981134
9311144557121,0.733346,1,0,0.523321,0.915966,0.978203
9310678541121,0.731264,1,0,0.501473,0.916667,0.977837
9310445497821,0.728161,1,0,0.485772,0.909091,0.977654
9309979440521,0.726117,1,0,0.423742,0.93007,0.977287
9309746417821,0.830491,1,0.5,0.451259,0.938272,0.977104
9302522734921,0.828827,1,0.5,0.438796,0.939024,0.971426
9302289677321,0.731158,1,0,0.47192,0.934211,0.971243
9300425492621,0.80035,0.9,0.5,0.53372,0.95,0.969778
9295998084421,0.727132,1,0,0.426233,0.939394,0.966298
9295298987721,0.731674,1,0,0.512281,0.919355,0.965748
9289240402421,0.734972,1,0,0.508494,0.94012,0.960986
9288308315821,0.741618,1,0,0.574974,0.940476,0.960253
9288075266321,0.731291,1,0,0.484415,0.934211,0.96007
9285745041521,0.736342,1,0,0.551167,0.927007,0.958238
9285045986321,0.746675,1,0,0.619559,0.944751,0.957689
9284812942721,0.744576,1,0,0.600609,0.94382,0.957505
9284579919021,0.743067,1,0,0.627198,0.923077,0.957322
9283880849921,0.734317,1,0,0.537915,0.924242,0.956773
9285978057721,0.733032,1,0,0.521153,0.925373,0.958421
9279453410321,0.735533,1,0,0.53997,0.931035,0.953293
9278754340421,0.733502,1,0,0.521166,0.930556,0.952743
9278288294721,0.73568,1,0,0.52003,0.942197,0.952377
9277822251021,0.727883,1,0,0.469676,0.928571,0.95201
9277123178821,0.731436,1,0,0.51327,0.924812,0.951461
9276890177221,0.8234,1,0.5,0.429783,0.926471,0.951278
9275259016721,0.725903,1,0,0.459412,0.924812,0.949995
9265705044321,0.829771,1,0.5,0.496065,0.929577,0.942486
9265238999221,0.72914,1,0,0.524719,0.912281,0.942119
9264539929921,0.858531,1,0.666667,0.433868,0.938272,0.94157
9264073889821,0.734395,1,0,0.570818,0.915966,0.941204
9263840859221,0.730995,1,0,0.519306,0.924812,0.94102
9263141791021,0.819141,1,0.5,0.405976,0.922481,0.940471
9259413420121,0.801929,1,0.5,0.325648,0.878049,0.93754
9255918072821,0.829119,1,0.5,0.485433,0.935484,0.934793
9248228310121,0.815169,1,0.5,0.399931,0.911504,0.928748
9245898100021,0.743613,1,0,0.647145,0.931035,0.926916
9241470639421,0.729879,1,0,0.53408,0.920635,0.923436
9238441344521,0.735857,1,0,0.597511,0.92,0.921055
9236810176421,0.780936,0.9,0.5,0.414588,0.9375,0.919773
9217935301821,0.833667,1,0.5,0.546678,0.942529,0.904936
9214439963421,0.819949,1,0.5,0.465366,0.915966,0.902189
9212808799421,0.725922,1,0,0.485705,0.936306,0.900907
9212109723721,0.839356,1,0.5,0.590286,0.951456,0.900357
9211876700421,0.740811,1,0,0.602724,0.952607,0.900174
9209546469421,0.736761,1,0,0.595057,0.937107,0.898342
9208847405221,0.731669,1,0,0.555883,0.931507,0.897793
9205352052321,0.725458,1,0,0.500375,0.929577,0.895045
9204886005921,0.727301,1,0,0.523254,0.927536,0.894679
9204652990521,0.725367,1,0,0.519175,0.92,0.894496
9203953912921,0.739904,1,0,0.64594,0.929577,0.893946
9196031127521,0.835192,1,0.5,0.571153,0.946524,0.887719
9187642293121,0.840172,1,0.5,0.603924,0.958333,0.881125
9184612993821,0.850136,1,0.666667,0.413502,0.937888,0.878744
9184146946421,0.827812,1,0.5,0.507852,0.945946,0.878377
9181583695621,0.725549,1,0,0.523017,0.928058,0.876362
9142668862621,0.799003,1,0.5,0.290243,0.927007,0.845773
9129386507821,0.800804,1,0.5,0.282602,0.945055,0.835333
9124027025921,0.74201,1,0,0.678266,0.955357,0.83112
9122861860821,0.726533,1,0,0.558581,0.938272,0.830204
9120298606421,0.814105,1,0.5,0.4547,0.929078,0.828189
9119832559121,0.826462,1,0.5,0.581725,0.927536,0.827823
9115871166921,0.806717,1,0.5,0.416376,0.913043,0.824709
9115638148621,0.809191,1,0.5,0.40437,0.931507,0.824526
9090937690221,0.728238,1,0,0.585377,0.945946,0.80511
9323028736021,0.750216,1,0,0.635102,0.939759,0.987545
9087442343421,0.728476,1,0,0.588214,0.94709,0.802363
9309513394821,0.730691,1,0,0.462436,0.933775,0.976921
9086976297021,0.830335,1,0.5,0.599388,0.95098,0.801997
9072528861821,0.7263,1,0,0.600562,0.935897,0.79064
9070664676721,0.731666,1,0,0.649431,0.939024,0.789175
9052954917821,0.823185,1,0.5,0.544315,0.95614,0.775254
9048294454521,0.782782,1,0.5,0.244913,0.90566,0.771591
9015904236621,0.800113,1,0.5,0.398888,0.928058,0.746131
9009612611521,0.803221,1,0.5,0.4437,0.923664,0.741185
9006117272721,0.725966,1,0,0.685154,0.918033,0.738438
9005418194821,0.729754,1,0,0.684656,0.9375,0.737888
9002854941921,0.793715,1,0.5,0.315559,0.942857,0.735873
9147795336921,0.801617,1,0.5,0.429529,0.868421,0.849803
8979785649521,0.832362,1,0.666667,0.414392,0.929078,0.71774
8969066604821,0.824528,1,0.5,0.635463,0.950249,0.709314
8965571240921,0.849751,1,0.666667,0.613859,0.921875,0.706567
8967202398421,0.802769,1,0.5,0.422939,0.948454,0.707849
8962075890321,0.813747,1,0.5,0.550612,0.94152,0.703819
9116104189921,0.822298,1,0.5,0.513025,0.942529,0.824893
8948793570821,0.822993,1,0.5,0.643502,0.946524,0.693379
8934113120921,0.800036,1,0.5,0.428414,0.945055,0.681839
8928753579321,0.789139,1,0.5,0.346215,0.933775,0.677626
9285278987921,0.743555,1,0,0.594634,0.94152,0.957872
8915238237421,0.812198,1,0.5,0.566092,0.944444,0.667003
8910111729321,0.788087,1,0.5,0.348612,0.934641,0.662973
8892868016721,0.81787,1,0.5,0.640394,0.944444,0.649418
8886576390421,0.806786,1,0.5,0.558525,0.932432,0.644473
8886110375421,0.819884,1,0.5,0.643626,0.955556,0.644107
8885411273721,0.808364,1,0.5,0.52819,0.955947,0.643557
8881915932121,0.798908,1,0.5,0.461911,0.943182,0.64081
8929452649321,0.789575,1,0.5,0.356466,0.930556,0.678176
8874925231521,0.814043,1,0.5,0.617475,0.94382,0.635315
9329320360821,0.71529,1,0,0.38513,0.88764,0.99249
9326058037121,0.709865,1,0,0.36189,0.873418,0.989926
8868633632921,0.842887,1,0.666667,0.564172,0.950495,0.630369
8914073121321,0.818792,1,0.5,0.632329,0.944751,0.666087
8868400589521,0.81093,1,0.5,0.576203,0.951456,0.630186
8866070370921,0.806711,1,0.5,0.525337,0.95671,0.628354
8865138258821,0.818518,1,0.666667,0.354939,0.934641,0.627622
8864439195221,0.795887,1,0.5,0.443529,0.944134,0.627072
8862108957821,0.805065,1,0.5,0.558746,0.933333,0.62524
8861642919221,0.803577,1,0.5,0.499,0.955947,0.624874
8847661523921,0.789951,1,0.5,0.469116,0.908257,0.613884
8846729431321,0.758691,0.9,0.5,0.462646,0.955556,0.613151
8846496407021,0.831712,1,0.666667,0.461319,0.954751,0.612968
8845331291921,0.797315,1,0.5,0.459624,0.950739,0.612052
8844166186021,0.821071,1,0.666667,0.402295,0.931973,0.611137
8981649835221,0.800048,1,0.5,0.433943,0.923664,0.719205
8840670829921,0.813389,1,0.5,0.610971,0.957265,0.608389
8839039667821,0.802265,1,0.5,0.500288,0.957627,0.607107
8836010370921,0.783976,1,0.5,0.372017,0.931507,0.604726
8833214088121,0.808251,1,0.5,0.596945,0.94152,0.602528
8832981075521,0.854909,1,0.8,0.456633,0.945055,0.602345
8826689444021,0.793071,1,0.5,0.425901,0.953704,0.597399
8826223392721,0.78698,1,0.5,0.396227,0.938272,0.597033
8822029033721,0.774628,1,0.5,0.356631,0.897959,0.593736
8821795952621,0.786322,1,0.5,0.390881,0.939394,0.593553
8820164791921,0.800072,1,0.5,0.501478,0.953488,0.59227
8819232699621,0.768083,0.9,0.5,0.577007,0.95614,0.591538
8818766652521,0.808473,1,0.5,0.589716,0.951923,0.591171
8813873167421,0.797266,1,0.5,0.498327,0.943503,0.587325
9325125944221,0.730249,1,0,0.484236,0.91453,0.989193
8810843864721,0.782414,1,0.5,0.386257,0.926471,0.584944
8810610845721,0.789753,1,0.5,0.463143,0.924812,0.584761
9316271065121,0.730485,1,0,0.458669,0.931973,0.982233
8808513633021,0.801888,1,0.5,0.558466,0.93865,0.583112
8805717356221,0.796016,1,0.5,0.529622,0.924812,0.580914
8804785263421,0.791815,1,0.5,0.496698,0.920635,0.580181
8802688054921,0.834925,1,0.666667,0.571611,0.932886,0.578533
8797095499521,0.761632,1,0.5,0.274738,0.883721,0.574137
8802222013421,0.817131,1,0.666667,0.412481,0.923664,0.578167
8793600172121,0.779932,1,0.5,0.379441,0.924242,0.571389
8792668059621,0.794396,1,0.5,0.505756,0.933775,0.570657
8788240619621,0.818814,1,0.666667,0.438003,0.924812,0.567176
8778686669921,0.783157,1,0.5,0.407961,0.931973,0.559667
8773560160121,0.784721,1,0.5,0.437564,0.927007,0.555637
8771229936821,0.81655,1,0.666667,0.434607,0.921875,0.553805
8969765659921,0.725573,1,0,0.638892,0.953488,0.709864
8747228545521,0.797178,1,0.5,0.558795,0.939024,0.534939
8745131335221,0.792375,1,0.5,0.559954,0.915254,0.533291
8742335058321,0.828705,1,0.666667,0.595033,0.913793,0.531093
8741635995221,0.793679,1,0.5,0.558921,0.923664,0.530543
9256151104221,0.729015,1,0,0.488511,0.933333,0.934976
8715071348921,0.78821,1,0.5,0.535039,0.918699,0.509662
8972095885321,0.770786,1,0.5,0.259324,0.868421,0.711695
8709711816921,0.789977,1,0.5,0.568233,0.913043,0.505449
8709012747121,0.77808,1,0.5,0.430943,0.922481,0.5049
8674525320721,0.830754,1,0.75,0.417466,0.95614,0.477791
8673826252421,0.772535,1,0.5,0.344265,0.951923,0.477242
8666136488121,0.760033,1,0.5,0.263365,0.932886,0.471197
8660543936621,0.82291,1,0.75,0.372792,0.944751,0.466801
9309047385121,0.72554,1,0,0.403845,0.9375,0.976555
8652388127921,0.784722,1,0.5,0.515859,0.935484,0.46039
8619764880021,0.760229,1,0.5,0.358019,0.904762,0.434747
8607414652521,0.773444,1,0.5,0.426357,0.94152,0.425039
8590170940221,0.760541,1,0.5,0.364862,0.91453,0.411485
8547061657421,0.782861,1,0.5,0.588,0.931507,0.377599
8385343604521,0.734919,1,0.5,0.298711,0.9,0.250481
8338738973421,0.735362,1,0.5,0.354824,0.892473,0.213847
8318465962121,0.750998,1,0.5,0.555973,0.878049,0.197912
8254151587721,0.731534,1,0.5,0.316128,0.925926,0.147358
8237140893021,0.731798,1,0.5,0.38808,0.897959,0.133987
9126357213821,0.813096,1,0.5,0.419218,0.939394,0.832952
8254617626721,0.736452,1,0.5,0.353777,0.931507,0.147724
8991436810421,0.792887,1,0.5,0.354641,0.923664,0.726898
8244830662021,0.732351,1,0.5,0.318615,0.932432,0.140031
8221994396121,0.742263,1,0.5,0.425555,0.9375,0.122081
8345496643821,0.749138,1,0.5,0.546194,0.863014,0.219159
8219198118621,0.732833,1,0.5,0.347336,0.930556,0.119883
8211508354721,0.72626,1,0.5,0.316827,0.915966,0.113838
7962872694521,0.74621,1,0.5,0.500255,0.94012,0.0816008
7953784792721,0.762618,1,0.5,0.627522,0.954955,0.0887443
7942832708221,0.797504,1,0.666667,0.640043,0.952153,0.0973532
7941667591821,0.760088,1,0.5,0.587719,0.957447,0.098269
7935842014321,0.773033,1,0.666667,0.413907,0.94012,0.102848
7934676930221,0.739411,1,0.5,0.386968,0.951691,0.103764
7934443874321,0.77169,1,0.666667,0.385438,0.94709,0.103947
7932812713521,0.740865,1,0.5,0.412707,0.945355,0.105229
7932579697221,0.771966,1,0.666667,0.404372,0.938272,0.105413
7928618302921,0.74166,1,0.5,0.446958,0.930556,0.108526
7927686205921,0.742557,1,0.5,0.464462,0.925926,0.109259
7926055044321,0.734232,1,0.5,0.384453,0.923664,0.110541
7915335980921,0.757636,1,0.5,0.592533,0.932432,0.118967
9240538578221,0.727961,1,0,0.480364,0.938272,0.922704
7915102962521,0.75514,1,0.5,0.560452,0.935897,0.11915
7914869934021,0.758503,1,0.5,0.589919,0.937888,0.119333
7914403888721,0.793262,1,0.666667,0.592584,0.943503,0.1197
7914170865921,0.747221,1,0.5,0.466608,0.942857,0.119883
7913937841121,0.789766,1,0.666667,0.561219,0.94152,0.120066
7912539704621,0.744978,1,0.5,0.447661,0.940476,0.121165
7902286687121,0.767227,1,0.666667,0.418046,0.895833,0.129224
7915802028221,0.750736,1,0.5,0.52862,0.93007,0.118601
7894829953421,0.744432,1,0.5,0.434233,0.9375,0.135086
7892732739721,0.797745,1,0.666667,0.599126,0.954128,0.136734
7892499730721,0.759074,1,0.5,0.55909,0.947368,0.136917
7892266692921,0.751673,1,0.5,0.484337,0.947644,0.137101
7890169484521,0.752584,1,0.5,0.484649,0.951219,0.138749
7887839253521,0.747503,1,0.5,0.45715,0.93865,0.140581
7887373208221,0.795217,1,0.75,0.439425,0.935897,0.140947
9279686433121,0.72837,1,0,0.487704,0.92126,0.953476
8630949995721,0.769099,1,0.5,0.365101,0.941176,0.443539
7883877868421,0.764526,1,0.666667,0.34215,0.913043,0.143694
8604618375521,0.788161,1,0.5,0.575732,0.94152,0.422841
8421229162121,0.727187,1,0.5,0.191198,0.90099,0.278689
7880382514121,0.746685,1,0.5,0.457396,0.931507,0.146442
7833078824821,0.744359,1,0.5,0.443452,0.908257,0.183625
7825622085421,0.754456,1,0.5,0.48328,0.935897,0.189486
7828651385921,0.745841,1,0.5,0.430032,0.920635,0.187105
7824456975521,0.787583,1,0.666667,0.48723,0.932432,0.190402
7823990922921,0.760186,1,0.5,0.514183,0.948454,0.190768
7822126738321,0.759392,1,0.5,0.53414,0.933775,0.192234
9243334824321,0.730946,1,0,0.529487,0.927536,0.924902
7818165346321,0.786887,1,0.666667,0.467579,0.936306,0.195348
7817699305121,0.760362,1,0.5,0.57184,0.918033,0.195714
7815602109221,0.75064,1,0.5,0.424644,0.942197,0.197362
7815136045621,0.749411,1,0.5,0.410668,0.942857,0.197729
7814669999521,0.746793,1,0.5,0.376791,0.946524,0.198095
7813737907421,0.749304,1,0.5,0.406575,0.94382,0.198828
7812339770321,0.754253,1,0.5,0.44956,0.946524,0.199927
7811640699121,0.753479,1,0.5,0.437406,0.948454,0.200476
7810708606821,0.775619,1,0.666667,0.337927,0.94186,0.201209
8606482566721,0.758406,1,0.5,0.333666,0.913043,0.424306
7810475583921,0.754351,1,0.5,0.453232,0.944444,0.201392
7807679306821,0.760734,1,0.5,0.527206,0.938272,0.20359
9054120032621,0.731107,1,0,0.636425,0.949239,0.77617
7805815120621,0.762556,1,0.5,0.538153,0.941176,0.205055
7804416982921,0.761208,1,0.5,0.530149,0.937888,0.206154
7802552797221,0.747536,1,0.5,0.398463,0.934641,0.20762
7802319774521,0.746822,1,0.5,0.386203,0.937107,0.207803
7801620756021,0.741585,1,0.5,0.366224,0.920635,0.208352
7799989550321,0.744239,1,0.5,0.376638,0.928058,0.209635
7799756520421,0.750273,1,0.5,0.43084,0.931035,0.209818
7798591405221,0.750997,1,0.5,0.417581,0.940828,0.210734
8777754578121,0.796467,1,0.5,0.51502,0.945355,0.558934
7798358381921,0.739099,1,0.5,0.310788,0.934641,0.210917
7797426295621,0.740507,1,0.5,0.357357,0.918033,0.211649
7820029531421,0.760159,1,0.5,0.529661,0.939024,0.193882
7803018844321,0.74899,1,0.5,0.390759,0.945946,0.207253
7783444903421,0.750973,1,0.5,0.42132,0.932886,0.222639
7782512816521,0.757754,1,0.5,0.47687,0.93865,0.223372
7779483511421,0.757955,1,0.5,0.469404,0.942197,0.225753
7768298401621,0.765413,1,0.5,0.528874,0.945355,0.234545
7766201200021,0.789557,1,0.666667,0.460275,0.932886,0.236194
9311610601721,0.812133,1,0.5,0.351093,0.895833,0.97857
7765735146821,0.750778,1,0.5,0.407276,0.931973,0.23656
7765502123921,0.750194,1,0.5,0.395067,0.935065,0.236743
7764803061721,0.757227,1,0.5,0.494977,0.92,0.237293
7764570031121,0.748867,1,0.5,0.422135,0.91453,0.237476
9325358967821,0.740594,1,0,0.566938,0.924812,0.989377
7763171894421,0.744999,1,0.5,0.356341,0.927536,0.238575
7762239807221,0.747131,1,0.5,0.3547,0.93865,0.239308
8931316834221,0.729672,1,0,0.709667,0.953704,0.679641
7762006777221,0.746307,1,0.5,0.373955,0.924812,0.239491
9332815707721,0.70765,1,0,0.366979,0.857143,0.995238
9329553384021,0.712302,1,0,0.36564,0.882353,0.992673
7754317015821,0.785697,1,0.666667,0.455096,0.911504,0.245535
9315805018521,0.73543,1,0,0.507573,0.932432,0.981867
7753617945121,0.763193,1,0.5,0.494543,0.945652,0.246085
7752918876921,0.753551,1,0.5,0.397571,0.945652,0.246634
7752452831721,0.749122,1,0.5,0.369224,0.9375,0.247001
7751986784721,0.788759,1,0.666667,0.426649,0.94012,0.247367
7751054692221,0.742527,1,0.5,0.296219,0.940476,0.2481
8921063822621,0.816941,1,0.5,0.608944,0.944444,0.671582
7741966794521,0.751298,1,0.5,0.409255,0.924242,0.255243
7740801674621,0.742238,1,0.5,0.28318,0.94152,0.256159
7740568659521,0.745727,1,0.5,0.312656,0.944134,0.256342
7739403536121,0.805971,1,0.75,0.419416,0.94152,0.257258
7738937491721,0.771909,1,0.666667,0.296203,0.915966,0.257624
7736141213621,0.7531,1,0.5,0.398565,0.936306,0.259822
7735209153721,0.793292,1,0.75,0.33236,0.92,0.260555
7734044009221,0.7517,1,0.5,0.388862,0.933333,0.261471
7733111912521,0.786157,1,0.666667,0.41096,0.927536,0.262204
7766434218021,0.759465,1,0.5,0.484424,0.937107,0.236011
8605783491121,0.800218,1,0.666667,0.373295,0.935897,0.423757
7725422152821,0.785231,1,0.666667,0.396713,0.927007,0.268248
7724490057521,0.774036,1,0.5,0.57555,0.947917,0.268981
7722858902521,0.805346,1,0.666667,0.54077,0.954545,0.270263
7721227733621,0.771187,1,0.5,0.547281,0.946524,0.271545
9260112496121,0.725484,1,0,0.501936,0.907407,0.93809
7720761688621,0.771169,1,0.5,0.561732,0.939024,0.271911
7717033317921,0.755621,1,0.5,0.395005,0.943182,0.274842
7963105717221,0.745506,1,0.5,0.494123,0.939759,0.0814177
7713537979521,0.772149,1,0.5,0.549719,0.94709,0.277589
8838107573521,0.811076,1,0.5,0.595292,0.954545,0.606374
7711906810821,0.764385,1,0.5,0.4892,0.937888,0.278872
7710508671021,0.784845,1,0.666667,0.360143,0.9375,0.279971
7950988516421,0.761372,1,0.5,0.619394,0.951691,0.0909424
7961008515921,0.731277,1,0.5,0.380076,0.924812,0.0830662
7703984029821,0.766098,1,0.5,0.469342,0.953271,0.285099
7703051931621,0.767758,1,0.5,0.485644,0.953052,0.285832
7701886815721,0.745465,1,0.5,0.317157,0.925373,0.286748
9135212086621,0.725527,1,0,0.582021,0.916667,0.839912
7697692400021,0.759107,1,0.5,0.46363,0.918699,0.290045
7697459377221,0.7624,1,0.5,0.467103,0.933333,0.290228
7696294265521,0.799712,1,0.75,0.34682,0.929577,0.291144
7695129147521,0.746242,1,0.5,0.312206,0.929078,0.29206
7693264964421,0.797211,1,0.666667,0.454536,0.945355,0.293525
7692798915521,0.757034,1,0.5,0.423509,0.926471,0.293891
7678584506121,0.75632,1,0.5,0.39419,0.931973,0.305065
7677652413621,0.806335,1,0.666667,0.532331,0.945946,0.305797
8602987212721,0.773313,1,0.5,0.47551,0.918033,0.421559
7677186368121,0.748868,1,0.5,0.316741,0.932886,0.306164
7676487298521,0.757213,1,0.5,0.3817,0.94186,0.306713
7675788228121,0.791152,1,0.666667,0.377874,0.946524,0.307263
7675089187421,0.753866,1,0.5,0.346452,0.942197,0.307812
8605550467421,0.769832,1,0.5,0.395227,0.939759,0.423574
7669962651721,0.753602,1,0.5,0.40275,0.910714,0.311842
7669729628021,0.795032,1,0.666667,0.501039,0.901961,0.312025
7666001297221,0.755872,1,0.5,0.360728,0.94152,0.314956
7665535212621,0.758032,1,0.5,0.369169,0.947917,0.315322
8606249536321,0.798572,1,0.666667,0.346602,0.940828,0.424123
7655515218021,0.74657,1,0.5,0.29065,0.925926,0.323198
7654117080621,0.76924,1,0.5,0.532039,0.918033,0.324297
9251257610721,0.726865,1,0,0.468238,0.934641,0.931129
7653884062821,0.769458,1,0.5,0.536763,0.916667,0.32448
7651553826321,0.775666,1,0.5,0.548696,0.940828,0.326312
7651087779121,0.767063,1,0.5,0.454447,0.944751,0.326678
7650388710621,0.764518,1,0.5,0.417459,0.950249,0.327228
7647126393321,0.743635,1,0.5,0.297037,0.904762,0.329792
8846962455621,0.762429,0.9,0.5,0.510959,0.95,0.613335
7642465924121,0.741574,1,0.5,0.299679,0.891304,0.333455
9244732962921,0.74565,1,0,0.669386,0.930556,0.926001
7638970616321,0.758761,1,0.5,0.405251,0.923077,0.336203
7638504532121,0.807191,1,0.75,0.397941,0.918699,0.336569
7638271509021,0.763776,1,0.5,0.430878,0.935065,0.336752
7637339416821,0.763944,1,0.5,0.423165,0.939394,0.337485
7636640346921,0.759083,1,0.5,0.396683,0.928058,0.338035
8788007595421,0.811886,1,0.5,0.661755,0.945055,0.566993
7636407329321,0.789858,1,0.666667,0.364961,0.931035,0.338218
7635009194421,0.76701,1,0.5,0.440069,0.945355,0.339317
7634310116121,0.791011,1,0.666667,0.368492,0.934211,0.339866
9244033895221,0.734651,1,0,0.558043,0.931507,0.925451
7633611052521,0.761922,1,0.5,0.388698,0.945055,0.340416
7625688261621,0.741469,1,0.5,0.331207,0.868421,0.346644
7620794775521,0.748473,1,0.5,0.314422,0.90991,0.35049
7626154307121,0.754926,1,0.5,0.381549,0.910714,0.346277
7618464553021,0.761766,1,0.5,0.426631,0.919355,0.352322
7614969198021,0.790619,1,0.666667,0.355716,0.931035,0.355069
7614736181321,0.755971,1,0.5,0.347319,0.928571,0.355252
7613105012821,0.759027,1,0.5,0.446498,0.893617,0.356534
7612172920721,0.745198,0.9,0.5,0.583994,0.955357,0.357267
7611007805121,0.812825,1,0.666667,0.536735,0.95,0.358183
7610308736421,0.774239,1,0.5,0.475821,0.953917,0.358733
7610075712521,0.783653,1,0.5,0.567709,0.954955,0.358916
7609143628821,0.778333,1,0.5,0.513371,0.955157,0.359648
7607978513221,0.775786,1,0.5,0.49075,0.953271,0.360564
7651786869121,0.800357,1,0.666667,0.50284,0.920635,0.326129
7604483158121,0.75596,1,0.5,0.370197,0.913043,0.363312
7604250164221,0.752356,1,0.5,0.352371,0.903846,0.363495
7603784095921,0.772359,1,0.5,0.504658,0.927536,0.363861
7608444551621,0.781479,1,0.5,0.543875,0.955357,0.360198
7675555211621,0.793424,1,0.666667,0.397623,0.947917,0.307446
7600521766521,0.75632,1,0.5,0.353024,0.921875,0.366426
7597259443621,0.77619,1,0.5,0.501022,0.945946,0.36899
7595628288221,0.788588,1,0.666667,0.290975,0.945652,0.370272
7595395257821,0.757625,1,0.5,0.315084,0.945355,0.370455
8872828026021,0.804327,1,0.5,0.497321,0.95614,0.633666
7590035725721,0.803301,1,0.666667,0.462938,0.931035,0.374668
7588870617221,0.796508,1,0.666667,0.374503,0.940828,0.375584
7670195680221,0.75904,1,0.5,0.445404,0.916667,0.311659
7588637587721,0.764764,1,0.5,0.385514,0.943182,0.375767
7587705497621,0.761614,1,0.5,0.371222,0.934211,0.3765
7585608289721,0.779727,1,0.5,0.554253,0.932432,0.378148
7585375264221,0.798171,1,0.666667,0.427529,0.92126,0.378331
7584443171921,0.769602,1,0.5,0.469625,0.923664,0.379064
7583278056421,0.772537,1,0.5,0.484275,0.930556,0.37998
7582345964321,0.754366,1,0.5,0.359029,0.901961,0.380713
7582112948221,0.765297,1,0.5,0.42475,0.923664,0.380896
7581413871321,0.7615,1,0.5,0.366889,0.933333,0.381445
7808844421321,0.747918,1,0.5,0.396984,0.939759,0.202674
7581180848521,0.815367,1,0.75,0.395498,0.938272,0.381628
9326990129421,0.725145,1,0,0.445979,0.907407,0.990659
7579549691321,0.761925,1,0.5,0.361343,0.9375,0.38291
8901256848421,0.791468,1,0.5,0.392004,0.933333,0.656013
7579316663721,0.781352,1,0.5,0.54807,0.941176,0.383094
7576986432121,0.767105,1,0.5,0.442371,0.921875,0.384925
7576753415221,0.756406,1,0.5,0.391719,0.893617,0.385109
7575821317221,0.764741,1,0.5,0.422864,0.919355,0.385841
7572325970021,0.77429,1,0.5,0.501368,0.926471,0.388589
8654485328621,0.772765,1,0.5,0.363655,0.95098,0.462039
7695828225821,0.745184,1,0.5,0.306317,0.927007,0.29151
7571859925221,0.764473,1,0.5,0.449954,0.902913,0.388955
7571160854121,0.764648,1,0.5,0.42226,0.917355,0.389505
7570461785121,0.760708,1,0.5,0.372061,0.922481,0.390054
9245432032221,0.72963,1,0,0.575934,0.896907,0.92655
7569762715521,0.753598,1,0.5,0.327195,0.909091,0.390604
7576054339921,0.749975,1,0.5,0.286504,0.913793,0.385658
7571626901321,0.770074,1,0.5,0.524365,0.893617,0.389138
7561606907521,0.771416,1,0.5,0.452284,0.932432,0.397014
7561373883421,0.809586,1,0.666667,0.511318,0.927007,0.397198
7561140860521,0.768595,1,0.5,0.4265,0.931035,0.397381
7556480404921,0.764729,1,0.5,0.440421,0.902913,0.401044
7556014352021,0.751197,1,0.5,0.360558,0.875,0.40141
9217003212121,0.836038,1,0.5,0.596038,0.93007,0.904204
7662039872321,0.74439,1,0.5,0.244879,0.940476,0.318069
7580481779821,0.760464,1,0.5,0.369519,0.926471,0.382178
7553917145221,0.744956,1,0.5,0.242577,0.901961,0.403059
7552985052421,0.824984,1,0.75,0.46301,0.94152,0.403792
7551353905521,0.799363,1,0.666667,0.366333,0.944444,0.405074
7551120872721,0.764653,1,0.5,0.350564,0.945355,0.405257
7550654822021,0.760226,1,0.5,0.310268,0.943182,0.405623
7550421797721,0.789719,1,0.666667,0.283046,0.9375,0.405806
7549955752021,0.753321,1,0.5,0.268876,0.929078,0.406173
7546693428621,0.760924,1,0.5,0.37292,0.913793,0.408737
9284113872721,0.728471,1,0,0.493045,0.917355,0.956956
7546460405721,0.789688,1,0.5,0.622191,0.932886,0.40892
9273161785621,0.732113,1,0,0.474303,0.949239,0.948347
7545295289721,0.751507,1,0.5,0.315755,0.894737,0.409836
7538770642721,0.747838,1,0.5,0.2933,0.885057,0.414965
7812572793421,0.782279,1,0.666667,0.424852,0.932432,0.199744
7535974365121,0.76983,1,0.5,0.406142,0.9375,0.417163
7535508320221,0.793764,1,0.666667,0.334927,0.925926,0.417529
7534576227521,0.750636,1,0.5,0.24435,0.921875,0.418262
7535275295721,0.817372,1,0.75,0.378702,0.93865,0.417712
7930715505221,0.774992,1,0.666667,0.44394,0.932886,0.106878
7530847862521,0.769105,1,0.5,0.406845,0.931507,0.421192
7528983671521,0.769295,1,0.5,0.441236,0.91453,0.422658
7528750649021,0.792126,1,0.666667,0.343654,0.910714,0.422841
7524090190921,0.824559,1,0.666667,0.594444,0.945652,0.426504
7521759956621,0.78395,1,0.5,0.519857,0.945652,0.428336
8667301638321,0.755678,1,0.5,0.251334,0.916667,0.472113
7521526933421,0.784348,1,0.5,0.522483,0.946237,0.428519
7519429725021,0.836732,1,0.666667,0.682871,0.960474,0.430168
7519196701421,0.80676,1,0.5,0.715068,0.961089,0.430351
7517565540421,0.793783,1,0.5,0.616698,0.944751,0.431633
7516866470221,0.792511,1,0.5,0.643307,0.924812,0.432182
7510341823121,0.790585,1,0.5,0.571635,0.948454,0.437311
7508943684721,0.783817,1,0.5,0.531343,0.934211,0.43841
7507545546321,0.787319,1,0.5,0.58183,0.925926,0.439509
7506846477421,0.804357,1,0.666667,0.399205,0.935484,0.440059
7506613454321,0.781577,1,0.5,0.488522,0.943503,0.440242
7506380438021,0.760293,1,0.5,0.331998,0.915254,0.440425
7508710662521,0.790034,1,0.5,0.613257,0.924242,0.438593
7504982297821,0.756681,1,0.5,0.32136,0.901961,0.441524
7507312523021,0.81092,1,0.666667,0.463567,0.936306,0.439692
7497059508121,0.797881,1,0.666667,0.351576,0.923077,0.447752
7496593460521,0.796566,1,0.666667,0.359651,0.912281,0.448118
9338175240121,0.697333,1,0,0.318708,0.827586,0.999451
7496127414721,0.761854,1,0.5,0.355242,0.907407,0.448484
9328155245621,0.719702,1,0,0.377864,0.913793,0.991574
7495894391321,0.766624,1,0.5,0.373825,0.921875,0.448667
7495428344421,0.772602,1,0.5,0.414913,0.931035,0.449034
7494729275721,0.813033,1,0.666667,0.502454,0.922481,0.449583
7494263234521,0.783619,1,0.5,0.536616,0.924812,0.44995
7493331137021,0.781599,1,0.5,0.48953,0.937888,0.450682
7493098113321,0.825838,1,0.75,0.441744,0.932886,0.450865
7492166020921,0.760193,1,0.5,0.356521,0.896907,0.451598
7752219807821,0.759452,1,0.5,0.471556,0.937888,0.247184
7485408350621,0.76053,1,0.5,0.301059,0.923664,0.45691
9251956685921,0.734932,1,0,0.543425,0.937107,0.931679
7484942305621,0.781601,1,0.5,0.506883,0.925926,0.457276
7482845097321,0.798519,1,0.666667,0.314145,0.939394,0.458925
7493797183221,0.783161,1,0.5,0.510322,0.935484,0.450316
7482146060821,0.812184,1,0.666667,0.429036,0.95,0.459474
8698060658521,0.788411,1,0.5,0.546547,0.920635,0.496291
7481913004621,0.826204,1,0.75,0.40391,0.949239,0.459657
7481679981721,0.771248,1,0.5,0.368247,0.942197,0.459841
7560907850521,0.797227,1,0.666667,0.426557,0.907407,0.397564
7816767230621,0.750485,1,0.5,0.417095,0.945652,0.196447
7477485565821,0.758167,1,0.5,0.371697,0.873418,0.463138
7472359058021,0.784188,1,0.5,0.484598,0.945055,0.467167
7471660006221,0.783962,1,0.5,0.4946,0.93865,0.467717
7471426964521,0.767875,1,0.5,0.346902,0.931973,0.4679
7470960918721,0.767632,1,0.5,0.325012,0.94152,0.468266
7483777190121,0.807957,1,0.666667,0.438419,0.924812,0.458192
7470727895321,0.801923,1,0.666667,0.350781,0.933333,0.468449
9242169748221,0.729254,1,0,0.548734,0.90991,0.923986
7470494871821,0.808172,1,0.666667,0.410478,0.934641,0.468633
7470028825621,0.814066,1,0.75,0.31452,0.928571,0.468999
7469562780021,0.762444,1,0.5,0.308924,0.923077,0.469365
7735675168321,0.757137,1,0.5,0.428829,0.941176,0.260189
7553684127321,0.769223,1,0.5,0.430829,0.929078,0.403242
7468863711121,0.787719,0.9,0.8,0.311447,0.947917,0.469915
9054819108821,0.814497,1,0.5,0.468756,0.949749,0.77672
7503817178921,0.745657,1,0.5,0.299849,0.857143,0.44244
7465601387521,0.777654,1,0.5,0.48424,0.90991,0.472479
7494496253221,0.824232,1,0.666667,0.5908,0.934211,0.449766
7702818908821,0.768474,1,0.5,0.492179,0.953271,0.286015
7462106041221,0.802681,1,0.666667,0.354305,0.931973,0.475227
7695362168821,0.787894,1,0.666667,0.394571,0.929577,0.291877
7461173948621,0.80693,1,0.666667,0.37174,0.944134,0.475959
9009146566121,0.820083,1,0.666667,0.332865,0.896907,0.740819
7456280484921,0.782624,1,0.5,0.464078,0.941176,0.479806
7453484186221,0.793296,1,0.5,0.567232,0.94186,0.482004
7453018138821,0.817302,1,0.666667,0.485521,0.935897,0.48237
7451386978221,0.797435,1,0.5,0.576165,0.957265,0.483652
7616600359321,0.763545,1,0.5,0.412385,0.934641,0.353787
7450920936821,0.799391,1,0.5,0.594641,0.957627,0.484019
7450221862321,0.800323,1,0.5,0.606378,0.95614,0.484568
7449755815221,0.792126,1,0.5,0.525616,0.955357,0.484935
7452552093621,0.782527,1,0.5,0.486415,0.928058,0.482737
7449289769921,0.792915,1,0.5,0.533139,0.955357,0.485301
8655184405721,0.762887,1,0.5,0.288233,0.939024,0.462588
7448823722921,0.825549,0.9,0.8,0.659511,0.955157,0.485667
7448590709521,0.781964,0.9,0.666667,0.495697,0.952381,0.48585
7447658607621,0.776685,1,0.5,0.411845,0.934211,0.486583
9277589231821,0.730873,1,0,0.492041,0.932432,0.951827
7445328377521,0.782397,1,0.5,0.489403,0.923077,0.488415
7444862330721,0.778454,1,0.5,0.427342,0.934211,0.488781
7444396283821,0.773685,1,0.5,0.410308,0.918699,0.489147
7444163267921,0.754345,1,0.5,0.264644,0.894737,0.489331
7443930238721,0.754523,1,0.5,0.345568,0.855072,0.489514
8839971758921,0.827793,1,0.666667,0.435765,0.950495,0.60784
7443697215321,0.769117,1,0.5,0.388386,0.906542,0.489697
7442066053721,0.789666,1,0.5,0.539013,0.933333,0.490979
7441366997521,0.811298,1,0.666667,0.423254,0.932432,0.491529
9114473027221,0.813007,1,0.5,0.495141,0.90566,0.82361
7440900969121,0.807049,1,0.666667,0.38225,0.931507,0.491895
7440434893821,0.768191,1,0.5,0.335634,0.927007,0.492261
7439269776321,0.83161,1,0.75,0.444878,0.939024,0.493177
7438570706921,0.81742,1,0.666667,0.470593,0.938272,0.493727
7439968846021,0.765242,1,0.5,0.341607,0.909091,0.492628
7436706522321,0.753321,1,0.5,0.248543,0.894737,0.495192
7521293915021,0.819811,1,0.666667,0.545965,0.945055,0.428702
7421560026021,0.756745,1,0.5,0.354472,0.852941,0.507098
7433910245921,0.766955,1,0.5,0.350735,0.910714,0.49739
7453950233321,0.801429,1,0.5,0.646287,0.943182,0.481638
7416666534921,0.786389,1,0.5,0.525358,0.913793,0.510944
7450687910021,0.785453,1,0.5,0.52658,0.921875,0.484202
7410840956721,0.772485,1,0.5,0.370615,0.919355,0.515523
7468630690421,0.767801,1,0.5,0.340363,0.933775,0.470098
7662738935421,0.76971,1,0.5,0.476203,0.951691,0.31752
7399189801921,0.767899,1,0.5,0.34478,0.904762,0.524682
7472592085621,0.835751,1,0.75,0.531371,0.929577,0.466984
7395461454821,0.806359,1,0.5,0.658673,0.93865,0.527612
7666467305621,0.818909,1,0.8,0.381454,0.946524,0.314589
7393131201021,0.806897,1,0.5,0.634309,0.952607,0.529444
7389868877521,0.758426,1,0.5,0.322521,0.864865,0.532008
7389635854421,0.818246,1,0.666667,0.502119,0.907407,0.532192
7389169807321,0.792143,1,0.5,0.54391,0.922481,0.532558
7388470738421,0.796256,1,0.5,0.537565,0.945946,0.533107
7423657229421,0.762179,1,0.5,0.341065,0.88764,0.505449
7387538646621,0.767094,1,0.5,0.311012,0.913043,0.53384
7382878183521,0.78317,1,0.5,0.509246,0.892473,0.537503
7382412138221,0.778767,1,0.5,0.443972,0.902913,0.53787
7381480045521,0.782862,1,0.5,0.42891,0.930556,0.538602
7380547958521,0.781535,1,0.5,0.4149,0.930556,0.539335
7379615859521,0.782341,1,0.5,0.425187,0.929078,0.540068
7535042272821,0.794519,1,0.666667,0.318183,0.937888,0.417895
7379149821421,0.794698,1,0.5,0.539,0.933775,0.540434
7378683795621,0.787049,1,0.5,0.445292,0.942197,0.5408
7380081907021,0.775095,1,0.5,0.379313,0.915966,0.539701
7448124657721,0.819975,1,0.666667,0.489494,0.945355,0.486217
7375188426621,0.797578,1,0.5,0.574077,0.929078,0.543548
7373790288821,0.769606,1,0.5,0.3576,0.896907,0.544647
7899024364121,0.749184,1,0.5,0.5082,0.925926,0.131789
7371926097121,0.810451,1,0.666667,0.371054,0.927007,0.546112
8874226162321,0.865973,1,0.75,0.608648,0.958159,0.634765
7712139838921,0.750694,1,0.5,0.374234,0.927007,0.278688
7370294936621,0.805989,1,0.666667,0.340455,0.919355,0.547395
7369828894621,0.792637,1,0.666667,0.22385,0.910714,0.547761
7365401450121,0.764642,1,0.5,0.310232,0.892473,0.551241
9332116637821,0.705816,1,0,0.357589,0.852941,0.994688
7363537274321,0.777747,1,0.5,0.398672,0.913043,0.552706
7362605174021,0.77615,1,0.5,0.402234,0.902913,0.553439
9320931537221,0.741743,1,0,0.550586,0.940476,0.985896
7361440058621,0.778135,1,0.5,0.396485,0.915254,0.554355
7360041918521,0.769252,1,0.5,0.308003,0.91453,0.555454
7359575873421,0.807476,1,0.666667,0.335987,0.924812,0.55582
7358410758121,0.775246,1,0.5,0.379209,0.908257,0.556736
8743267150721,0.82367,1,0.666667,0.502256,0.934641,0.531825
7370527959221,0.826721,1,0.75,0.356055,0.931973,0.547211
7608910596921,0.817416,1,0.666667,0.565386,0.957806,0.359832
7351886110821,0.794366,1,0.666667,0.263519,0.892473,0.561865
7345594487221,0.77726,1,0.5,0.3981,0.903846,0.56681
7341167047521,0.773969,1,0.5,0.34958,0.90991,0.57029
7339302862321,0.765353,1,0.5,0.279795,0.90099,0.571756
7800688613221,0.741294,1,0.5,0.370523,0.916667,0.209085
7338836820221,0.809386,1,0.666667,0.312633,0.937888,0.572122
7338603799221,0.809197,1,0.666667,0.32818,0.929078,0.572305
7329981938221,0.799769,1,0.5,0.561467,0.928571,0.579082
7596094327021,0.762678,1,0.5,0.374525,0.941176,0.369906
7583045032221,0.759839,1,0.5,0.370903,0.923664,0.380163
7497292538921,0.747513,1,0.5,0.174617,0.926471,0.447568
7521992980721,0.84355,1,0.75,0.609391,0.94898,0.428153
7330914030321,0.799396,1,0.5,0.599096,0.908257,0.57835
9213507862021,0.731297,1,0,0.559666,0.925926,0.901456
7612871990421,0.803193,1,0.666667,0.536056,0.902913,0.356718
7323224267321,0.833804,1,0.8,0.338826,0.907407,0.584394
7322991251021,0.807059,1,0.666667,0.323615,0.91453,0.584577
7320194967621,0.768041,1,0.5,0.258926,0.917355,0.586775
7319495898921,0.765463,1,0.5,0.2443,0.911504,0.587325
7319961944121,0.778678,1,0.5,0.347968,0.925926,0.586959
9206517168521,0.736041,1,0,0.590234,0.937107,0.895961
8882148949821,0.788582,1,0.5,0.377274,0.933775,0.640993
7314369422521,0.795322,1,0.5,0.540439,0.910714,0.591354
7314136366721,0.804839,1,0.666667,0.284808,0.919355,0.591538
7313670320621,0.788661,1,0.5,0.438587,0.928058,0.591904
7312971257121,0.768305,1,0.5,0.281071,0.904762,0.592453
7332079146421,0.834867,1,0.666667,0.603187,0.917355,0.577434
9332349661821,0.707475,1,0,0.357657,0.861111,0.994871
7496826483821,0.772045,1,0.5,0.415377,0.928571,0.447935
7311573119121,0.791608,1,0.5,0.470677,0.925926,0.593553
7265434536321,0.795422,1,0.5,0.504585,0.90991,0.62982
7265201513821,0.83231,1,0.666667,0.519763,0.92,0.630003
7264502446121,0.789158,1,0.5,0.396159,0.932432,0.630552
7264036398621,0.802106,1,0.5,0.540519,0.924812,0.630919
7263803374221,0.841784,1,0.666667,0.582438,0.935484,0.631102
7263337328621,0.838827,1,0.666667,0.571618,0.925926,0.631468
7262871290021,0.794379,1,0.5,0.455844,0.928058,0.631834
7265900582821,0.833691,1,0.666667,0.510181,0.931973,0.629453
7262638259121,0.789889,1,0.5,0.402925,0.931973,0.632018
7262405237321,0.789381,1,0.5,0.379255,0.941176,0.632201
7262172212921,0.822332,1,0.666667,0.381823,0.937888,0.632384
7261007097821,0.817556,1,0.666667,0.368929,0.92,0.6333
7260774075221,0.781989,1,0.5,0.343888,0.92126,0.633483
7258676873521,0.793773,1,0.5,0.454111,0.924242,0.635131
7257977798121,0.768525,1,0.5,0.231383,0.909091,0.635681
7259841982721,0.785553,1,0.5,0.382607,0.919355,0.634216
7254016403921,0.784581,1,0.5,0.372306,0.917355,0.638795
9211410659621,0.740295,1,0,0.607851,0.947644,0.899808
7252618267221,0.774181,1,0.5,0.25817,0.921875,0.639894
7251919219921,0.7856,1,0.5,0.352545,0.931507,0.640443
7251453184221,0.836528,1,0.75,0.346421,0.939024,0.64081
7648524532621,0.761713,1,0.5,0.400799,0.94382,0.328693
7596327353421,0.791791,1,0.666667,0.329801,0.942529,0.369723
7251220127421,0.789998,1,0.5,0.382442,0.938272,0.640993
7250521057421,0.84686,1,0.75,0.440052,0.943503,0.641542
8651223007221,0.806672,1,0.666667,0.370061,0.951923,0.459474
7249821988621,0.779643,1,0.5,0.298224,0.928058,0.642092
7529915764121,0.760115,1,0.5,0.34729,0.915966,0.421925
7246792688421,0.767205,1,0.5,0.209394,0.909091,0.644473
7808145360021,0.763398,1,0.5,0.560623,0.935065,0.203224
7245161532321,0.782164,1,0.5,0.318741,0.928571,0.645755
7329049849221,0.805738,1,0.5,0.59056,0.943503,0.579815
7252152220321,0.781633,1,0.5,0.307651,0.934211,0.64026
7261706167421,0.786616,1,0.5,0.371342,0.931035,0.63275
7240268041421,0.778291,1,0.5,0.310301,0.911504,0.649602
8245063678721,0.731,1,0.5,0.29799,0.935897,0.140214
7239802000221,0.814454,1,0.666667,0.338225,0.911504,0.649968
7239568972121,0.779774,1,0.5,0.310188,0.918699,0.650151
7802086753421,0.747369,1,0.5,0.386913,0.939394,0.207986
7239102925721,0.814787,1,0.666667,0.321498,0.92126,0.650517
7524556232921,0.825308,1,0.666667,0.585779,0.953917,0.426138
7238170833521,0.818178,1,0.666667,0.316959,0.94012,0.65125
7237238742921,0.770529,1,0.5,0.261636,0.895833,0.651983
7236073625121,0.753354,1,0.5,0.166354,0.857143,0.652899
7235374554821,0.766725,1,0.5,0.198989,0.907407,0.653448
7235141532921,0.775594,1,0.5,0.271798,0.915254,0.653631
7234908509421,0.771725,1,0.5,0.250353,0.906542,0.653814
7234442468521,0.803579,1,0.666667,0.233464,0.907407,0.654181
7233976417021,0.754259,1,0.5,0.0822206,0.902913,0.654547
7240035018221,0.785395,1,0.5,0.370834,0.916667,0.649785
7233044379621,0.825474,1,0.666667,0.422373,0.921875,0.65528
7232811301721,0.793896,1,0.5,0.440979,0.92126,0.655463
7580947828421,0.767638,1,0.5,0.4297,0.932432,0.381812
7232578278721,0.822286,1,0.666667,0.387731,0.923077,0.655646
7232345254821,0.769497,1,0.5,0.261364,0.888889,0.655829
7372392150421,0.779252,1,0.5,0.420686,0.913043,0.545746
7238636878721,0.849932,1,0.8,0.367485,0.940476,0.650884
7232112231321,0.760036,1,0.5,0.222126,0.861111,0.656012
7523857163821,0.838133,1,0.75,0.54988,0.952381,0.426687
7234209440721,0.792844,1,0.5,0.425593,0.924242,0.654364
7233277346921,0.808447,1,0.666667,0.279527,0.908257,0.655097
7620095712921,0.746331,1,0.5,0.289264,0.911504,0.351039
7229082937021,0.794678,1,0.5,0.439905,0.924242,0.658394
7228616884921,0.853326,1,0.833333,0.349677,0.929078,0.65876
7227684800521,0.786153,1,0.5,0.33627,0.932886,0.659493
7227218746721,0.816571,1,0.666667,0.292276,0.94012,0.659859
7694663100621,0.750705,1,0.5,0.338083,0.938272,0.292426
7434376290821,0.828605,1,0.75,0.452957,0.918033,0.497024
7226286660221,0.778024,1,0.5,0.28358,0.918033,0.660592
7237937810621,0.781744,1,0.5,0.29846,0.933775,0.651433
7221626192121,0.79104,1,0.5,0.414213,0.915966,0.664255
7510807870321,0.81319,1,0.666667,0.472731,0.944444,0.436945
7237471765721,0.784065,1,0.5,0.362762,0.913043,0.6518
7221160147221,0.784916,1,0.5,0.401928,0.891304,0.664621
9323494781721,0.498791,1,0,0,0,0.987911
7217897822821,0.797485,1,0.5,0.466392,0.920635,0.667186
7210674105321,0.776063,1,0.5,0.365544,0.861111,0.672864
7228150839121,0.781635,1,0.5,0.314708,0.92126,0.659126
7207877828421,0.78708,1,0.5,0.397757,0.89899,0.675062
7205780621621,0.792796,1,0.5,0.492214,0.879518,0.67671
7205547597521,0.789187,1,0.5,0.395155,0.90991,0.676893
7203683412121,0.777609,1,0.5,0.295746,0.90099,0.678359
7203217373221,0.773245,1,0.5,0.278443,0.88764,0.678725
7199488997621,0.821172,1,0.5,0.636445,0.946809,0.681656
7204149458221,0.765065,1,0.5,0.166837,0.902913,0.677992
9325591990121,0.739333,1,0,0.547654,0.928058,0.98956
7197158765321,0.754591,1,0.5,0.115589,0.873418,0.683488
7765036078121,0.750122,1,0.5,0.395691,0.934211,0.23711
7195527603021,0.768844,1,0.5,0.183852,0.90991,0.68477
7198090858121,0.825821,1,0.666667,0.380054,0.931035,0.682755
7194828534421,0.777962,1,0.5,0.266715,0.913793,0.685319
7194595524221,0.777978,1,0.5,0.268187,0.913043,0.685502
7191333187821,0.770061,1,0.5,0.199457,0.906542,0.688067
8995165176321,0.725506,1,0,0.631611,0.946809,0.729829
7913238773021,0.747075,1,0.5,0.479166,0.935484,0.120615
7191100170221,0.805655,1,0.666667,0.221881,0.906542,0.68825
7195760627321,0.804036,1,0.666667,0.209353,0.906542,0.684587
7187138781021,0.748153,1,0.5,0.0568304,0.866667,0.691364
7185973656621,0.753711,1,0.5,0.0857981,0.879518,0.69228
7185274586121,0.748945,1,0.5,0.0530274,0.871795,0.692829
7206479689921,0.792565,1,0.5,0.438171,0.90566,0.676161
7182012262721,0.794565,1,0.5,0.433746,0.908257,0.695393
7552519008721,0.773588,1,0.5,0.451484,0.94012,0.404158
7181313193121,0.825976,1,0.666667,0.385525,0.922481,0.695943
8814339212621,0.795618,1,0.5,0.48343,0.942529,0.587691
7180614125121,0.823075,1,0.666667,0.371868,0.91453,0.696492
7180381105921,0.790107,1,0.5,0.361873,0.92126,0.696676
9315105950121,0.743975,1,0,0.589151,0.934641,0.981317
7518730656521,0.838147,1,0.666667,0.702888,0.957265,0.430717
7180148077921,0.837403,1,0.666667,0.455571,0.944134,0.696859
7179915055221,0.861773,1,0.8,0.439029,0.940828,0.697042
7179215985221,0.850279,1,0.75,0.43592,0.934641,0.697591
7178283894121,0.83998,1,0.75,0.333925,0.933775,0.698324
7178050869621,0.791391,1,0.5,0.392393,0.911504,0.698507
7177817848221,0.789412,1,0.5,0.358028,0.918699,0.69869
9323960828921,0.733404,1,0,0.5097,0.918033,0.988277
7172691338221,0.792655,1,0.5,0.354545,0.934641,0.70272
7250754084721,0.847303,1,0.75,0.436934,0.947368,0.641359
7178982997321,0.807579,1,0.5,0.49706,0.940476,0.697775
7167098795521,0.758387,1,0.5,0.150723,0.863014,0.707116
7166399714821,0.808446,1,0.666667,0.223636,0.90991,0.707666
7166166690921,0.788837,1,0.5,0.320378,0.93007,0.707849
7165467631721,0.836469,1,0.75,0.312542,0.921875,0.708398
7165001575421,0.816273,1,0.666667,0.266621,0.927007,0.708765
7163137391021,0.810542,1,0.5,0.496204,0.949495,0.71023
7158942975321,0.81918,1,0.5,0.586382,0.945946,0.713527
7156612743921,0.769929,1,0.5,0.257906,0.863014,0.715359
7263104310021,0.83028,1,0.666667,0.513259,0.912281,0.631651
7155447627921,0.781845,1,0.5,0.254851,0.923664,0.716274
8819465721021,0.769553,0.9,0.5,0.585446,0.959184,0.591721
7156379720221,0.777557,1,0.5,0.323185,0.868421,0.715542
7152185304121,0.867197,1,0.8,0.492016,0.930556,0.718839
7151952286821,0.836336,1,0.666667,0.427962,0.94152,0.719022
7151719259721,0.798621,1,0.5,0.392795,0.937107,0.719205
7151020188521,0.817934,1,0.5,0.577931,0.940828,0.719755
7508011593821,0.786206,1,0.5,0.576766,0.923077,0.439143
7162904367821,0.844168,1,0.666667,0.495018,0.951456,0.710413
7148922980621,0.847468,1,0.666667,0.598514,0.910714,0.721403
7180847148121,0.779171,1,0.5,0.259334,0.918033,0.696309
7164535529621,0.826765,0.9,0.8,0.446622,0.955947,0.709131
7147291819121,0.793673,1,0.5,0.433822,0.89011,0.722685
7147058796421,0.786722,1,0.5,0.333026,0.90566,0.722868
7725189127621,0.790786,1,0.666667,0.448948,0.928571,0.268431
7145893681421,0.817918,1,0.666667,0.278317,0.921875,0.723784
7145194638721,0.858517,1,0.8,0.373199,0.94382,0.724334
7144728564621,0.84792,1,0.75,0.376454,0.939024,0.7247
7569995744221,0.808179,1,0.75,0.333217,0.929078,0.39042
7143330425721,0.804103,1,0.5,0.469076,0.923077,0.725799
7191799235921,0.821135,1,0.666667,0.358388,0.915966,0.6877
9241237621721,0.726501,1,0,0.505687,0.918033,0.923253
7575355276121,0.779802,1,0.5,0.565659,0.923077,0.386208
7145427633921,0.835885,1,0.666667,0.421851,0.939759,0.724151
7142165310221,0.796423,1,0.5,0.416084,0.910714,0.726715
7141932287121,0.804688,1,0.5,0.503467,0.908257,0.726898
7140301124921,0.796332,1,0.5,0.371194,0.931973,0.72818
7721926803821,0.776079,1,0.5,0.588803,0.950495,0.270995
7142631357621,0.844593,1,0.666667,0.528088,0.929078,0.726349
7256113617621,0.786556,1,0.5,0.411898,0.908257,0.637146
7135174617521,0.787379,1,0.5,0.317019,0.912281,0.73221
7564636213021,0.775541,1,0.5,0.48981,0.935484,0.394633
7134708570821,0.83841,1,0.666667,0.458052,0.93007,0.732576
7134475548821,0.841461,1,0.666667,0.46548,0.94152,0.732759
7804183965021,0.761509,1,0.5,0.567484,0.920635,0.206338
7563471097421,0.756939,1,0.5,0.324217,0.924812,0.395549
7140068102621,0.857623,1,0.75,0.46908,0.939394,0.728363
7133543455221,0.849716,1,0.75,0.376663,0.943503,0.733492
7132844394121,0.834845,1,0.666667,0.396681,0.942197,0.734042
9241004616121,0.731889,1,0,0.521606,0.937107,0.92307
7131446247321,0.786221,1,0.5,0.261299,0.932886,0.735141
7732645866521,0.749713,1,0.5,0.380549,0.927007,0.26257
7143563449221,0.797658,1,0.5,0.407211,0.921875,0.725616
7130048109321,0.775789,1,0.5,0.236708,0.892473,0.73624
7132611362821,0.829369,1,0.666667,0.348086,0.939024,0.734225
7144262520421,0.807014,1,0.5,0.500107,0.922481,0.725066
7127484861221,0.788779,1,0.5,0.302211,0.923664,0.738254
7960309439521,0.732516,1,0.5,0.366548,0.9375,0.0836157
7133776478321,0.801391,1,0.5,0.395539,0.942529,0.733309
9284346901421,0.738286,1,0,0.571705,0.927007,0.957139
7943298753421,0.75913,1,0.5,0.585224,0.954545,0.0969869
7124688612021,0.799388,1,0.5,0.393293,0.93007,0.740452
7122824392121,0.829887,1,0.666667,0.368543,0.927536,0.741918
7122591371621,0.838832,1,0.666667,0.456768,0.928058,0.742101
7517332521021,0.824055,1,0.666667,0.602785,0.936306,0.431816
7120028115821,0.792964,1,0.5,0.308978,0.938272,0.744116
7118862999721,0.826184,1,0.666667,0.330538,0.926471,0.745032
9335145940421,0.499707,1,0,0,0,0.997069
7118629975721,0.805387,1,0.5,0.473948,0.917355,0.745215
7121659276321,0.830293,1,0.666667,0.369623,0.928571,0.742834
7118163934421,0.785944,1,0.5,0.276455,0.918699,0.745581
7121193231021,0.857343,1,0.8,0.366283,0.931973,0.7432
7940968521821,0.805632,1,0.666667,0.699639,0.962264,0.0988186
7120960208021,0.796935,1,0.5,0.363897,0.931035,0.743383
7119795091921,0.796123,1,0.5,0.339634,0.93865,0.744299
7116532768221,0.754857,1,0.5,0.104732,0.848485,0.746863
7115833699421,0.786561,1,0.5,0.27445,0.921875,0.747413
7114901608121,0.847051,1,0.666667,0.498924,0.945055,0.748145
7130980201821,0.786132,1,0.5,0.293884,0.915966,0.735507
7114668583321,0.805427,1,0.5,0.424986,0.940476,0.748329
8826456417421,0.822613,1,0.666667,0.398148,0.948718,0.597216
7114435561121,0.805204,1,0.5,0.43958,0.931973,0.748512
7113503468321,0.846611,1,0.666667,0.499136,0.942197,0.749244
7113270445021,0.840633,1,0.666667,0.438507,0.942529,0.749428
9286677148421,0.727862,1,0,0.495086,0.912281,0.958971
7111872305621,0.861739,1,0.75,0.500196,0.933333,0.750527
7112338352521,0.814585,0.9,0.666667,0.559922,0.951219,0.75016
7106512773921,0.866598,1,0.8,0.443687,0.933775,0.754739
7106279752521,0.841621,1,0.666667,0.457823,0.935065,0.754923
7105580681821,0.800409,1,0.5,0.404872,0.921875,0.755472
7105347658521,0.828996,1,0.666667,0.349118,0.925926,0.755655
7105114637321,0.797862,1,0.5,0.362643,0.93007,0.755838
9278987369421,0.72658,1,0,0.44359,0.934641,0.952926
7104881612821,0.793706,1,0.5,0.316172,0.932432,0.756022
7439036752421,0.804996,1,0.666667,0.355712,0.933775,0.49336
7106978821221,0.843161,1,0.666667,0.473771,0.935065,0.754373
7102784405021,0.788703,1,0.5,0.318038,0.90566,0.75767
7099755138921,0.812562,1,0.5,0.515948,0.924812,0.760051
7106046728821,0.840335,1,0.666667,0.444781,0.935065,0.755106
7704683094121,0.771261,1,0.5,0.532228,0.947917,0.28455
7099289058321,0.802692,1,0.5,0.464527,0.90099,0.760418
7098123993321,0.842917,1,0.666667,0.473395,0.930556,0.761333
7926987135221,0.737502,1,0.5,0.405074,0.93007,0.109809
7097191850321,0.871609,1,0.8,0.496876,0.928571,0.762066
7096259757521,0.793304,1,0.5,0.345682,0.912281,0.762799
7102551381921,0.777996,1,0.5,0.241882,0.89011,0.757853
7096026734521,0.800745,1,0.5,0.404472,0.92,0.762982
7095793711221,0.828816,1,0.666667,0.371844,0.90991,0.763165
7094628595521,0.840663,1,0.666667,0.440798,0.934211,0.764081
7435774429121,0.769247,1,0.5,0.404883,0.895833,0.495925
7165700648221,0.787801,1,0.5,0.33929,0.915254,0.708215
7093696508421,0.768346,0.9,0.5,0.424467,0.94709,0.764814
7092997434321,0.843977,1,0.666667,0.475299,0.932886,0.765363
7092298370921,0.790094,1,0.5,0.282083,0.926471,0.765913
7091832318321,0.793323,1,0.5,0.31084,0.928058,0.766279
7107677890021,0.800744,1,0.5,0.416215,0.918699,0.753824
7091366271521,0.816413,1,0.666667,0.251064,0.906542,0.766645
7093463479721,0.775999,0.8,0.75,0.396513,0.949239,0.764997
7328117770021,0.782884,1,0.5,0.379872,0.934211,0.580548
7063869550321,0.774479,1,0.5,0.143448,0.906542,0.788259
7380314929221,0.811815,1,0.666667,0.397974,0.923664,0.539518
6953649610721,0.804232,1,0.5,0.357899,0.904762,0.874897
6951319379721,0.852956,1,0.666667,0.454636,0.932432,0.876729
6902384532921,0.790594,1,0.5,0.157412,0.916667,0.915194
6950154265821,0.806689,1,0.5,0.346727,0.92126,0.877644
6948989177221,0.816417,1,0.5,0.448207,0.918699,0.87856
6948756126121,0.880794,1,0.833333,0.355991,0.953271,0.878743
7095327685621,0.846783,1,0.666667,0.509854,0.930556,0.763531
6947824032921,0.83984,1,0.666667,0.324476,0.930556,0.879476
6952484495321,0.851898,1,0.666667,0.451679,0.929078,0.875813
7086006740421,0.833231,1,0.666667,0.389407,0.919355,0.770858
7168030883021,0.792577,1,0.5,0.376871,0.92126,0.706383
6939668224021,0.796155,0.9,0.666667,0.281224,0.930556,0.885887
9053420969121,0.820149,1,0.5,0.533976,0.945946,0.77562
7723557964621,0.763559,1,0.5,0.475164,0.945355,0.269713
7004681685521,0.798248,1,0.5,0.311629,0.918033,0.834783
7264968490721,0.78676,1,0.5,0.414408,0.911504,0.630186
6939435206921,0.801749,0.9,0.666667,0.322315,0.937888,0.88607
7438803741021,0.777733,1,0.5,0.405741,0.939024,0.493543
7226752700521,0.812213,1,0.666667,0.261018,0.933775,0.660225
8624658365221,0.763753,1,0.5,0.336864,0.931035,0.438593
6946658918321,0.824707,1,0.666667,0.271439,0.880952,0.880392
6930347299821,0.782921,1,0.5,0.243687,0.846154,0.893214
7441600007821,0.817897,1,0.666667,0.481677,0.936306,0.491345
7073656515921,0.793388,1,0.5,0.304834,0.924242,0.780566
7079482092921,0.824173,1,0.666667,0.309397,0.911504,0.775987
6923822652821,0.840405,1,0.666667,0.276006,0.948187,0.898342
9203720890121,0.832682,1,0.5,0.561258,0.935897,0.893763
6916132890221,0.823012,1,0.5,0.435022,0.945355,0.904387
6920793351821,0.817252,1,0.5,0.406929,0.932432,0.900724
6922890581821,0.812359,1,0.5,0.336251,0.944134,0.899075
8864206167421,0.793058,1,0.5,0.419965,0.94186,0.626889
6953183565421,0.821161,1,0.5,0.486725,0.924812,0.875263
6940134270621,0.84102,1,0.666667,0.314802,0.938272,0.885521
6995593773521,0.769854,1,0.5,0.138302,0.859155,0.841927
7633378023921,0.753847,1,0.5,0.333005,0.932432,0.340599
6915899866321,0.858207,1,0.75,0.311728,0.932886,0.90457
7777619324921,0.760717,1,0.5,0.499708,0.94012,0.227219
6915200803021,0.814404,1,0.5,0.374976,0.931973,0.90512
7644563133921,0.756884,1,0.5,0.415601,0.910714,0.331807
6914501727721,0.816943,1,0.5,0.404607,0.929577,0.905669
6924754745221,0.859872,1,0.75,0.314742,0.943182,0.89761
7008410051021,0.804812,1,0.5,0.361197,0.927536,0.831853
7399888871021,0.789795,1,0.666667,0.262708,0.888889,0.524132
6912171498021,0.801848,1,0.5,0.330759,0.89011,0.907501
8873993139721,0.837395,1,0.666667,0.486035,0.96,0.634582
6910773358521,0.788498,1,0.5,0.189148,0.893617,0.9086
6950387293021,0.851721,1,0.666667,0.456788,0.924812,0.877461
9206983213721,0.739978,1,0,0.651603,0.925926,0.896328
6906345919021,0.801146,1,0.5,0.29355,0.902913,0.91208
6977184947221,0.778795,1,0.5,0.137741,0.896907,0.856397
7257045704421,0.814708,1,0.666667,0.354321,0.911504,0.636414
7065500705721,0.802904,1,0.5,0.364764,0.93865,0.786977
6907044993521,0.877583,1,0.8,0.415812,0.924242,0.91153
6951785428721,0.815579,1,0.5,0.436911,0.92126,0.876362
6965766813521,0.803721,1,0.5,0.350404,0.910714,0.865372
6912870566621,0.813014,1,0.5,0.419264,0.901961,0.906951
7913005749821,0.789141,1,0.75,0.391097,0.939759,0.120799
7040800256821,0.788055,1,0.5,0.280347,0.896907,0.806393
6884674769421,0.823251,1,0.5,0.407562,0.947917,0.929114
7318796828721,0.77185,1,0.5,0.276613,0.927007,0.587874
7039169094721,0.83585,1,0.666667,0.364555,0.926471,0.807675
6808709234521,0.730382,1,0,0.448322,0.933333,0.988827
6916598938621,0.807397,1,0.5,0.345389,0.912281,0.904021
6881878492521,0.800691,0.8,0.8,0.384891,0.945355,0.931312
6881645468521,0.743216,0.8,0.5,0.40117,0.949749,0.931496
6881412450321,0.811638,1,0.5,0.338543,0.923077,0.931679
6884441745921,0.8215,1,0.5,0.390415,0.947644,0.929298
9329087346421,0.718146,1,0,0.413875,0.88764,0.992307
6880946399021,0.808062,1,0.5,0.33206,0.908257,0.932045
6927318038821,0.836035,1,0.666667,0.287676,0.921875,0.895595
6867897108021,0.818738,1,0.5,0.360019,0.942529,0.942302
6880480353521,0.801095,1,0.5,0.272711,0.902913,0.932411
6926618929321,0.769564,1,0.5,0.0559069,0.871795,0.896144
6880247330721,0.799039,1,0.5,0.26398,0.896907,0.932595
7343031232621,0.770842,1,0.5,0.306263,0.916667,0.568825
6873955706021,0.863314,1,0.75,0.32381,0.935897,0.93754
6879082215521,0.787366,1,0.5,0.187063,0.876543,0.93351
6985340783921,0.838212,1,0.666667,0.318559,0.94012,0.849986
6952717546921,0.866349,1,0.75,0.422998,0.932432,0.87563
7360974011921,0.797137,1,0.666667,0.275625,0.903846,0.554721
7107211849521,0.83839,1,0.666667,0.444521,0.925926,0.75419
8825291306621,0.80331,1,0.5,0.528125,0.954338,0.5963
6933842646821,0.794643,1,0.5,0.291257,0.882353,0.890466
7741034698521,0.742591,1,0.5,0.305984,0.931973,0.255976
6932211485021,0.777619,1,0.5,0.174301,0.855072,0.891748
6877218035721,0.812143,1,0.5,0.349054,0.918699,0.934976
6876985006821,0.814954,1,0.5,0.371863,0.92126,0.935159
7134242531921,0.840469,1,0.666667,0.464198,0.937107,0.732943
6876518959621,0.736082,1,0,0.582774,0.92126,0.935525
6876285938221,0.729871,1,0,0.521732,0.920635,0.935708
8855584313721,0.789369,1,0.5,0.37774,0.947917,0.620112
6873722683221,0.825297,1,0.5,0.433592,0.940828,0.937723
7149622073321,0.831037,1,0.666667,0.383573,0.936306,0.720854
6949921241421,0.842848,1,0.666667,0.372363,0.922481,0.877828
7559276679021,0.75367,1,0.5,0.290522,0.923664,0.398846
6940833348421,0.850907,1,0.75,0.280353,0.921875,0.884971
6874654780721,0.847591,1,0.666667,0.361832,0.921875,0.936991
7626620354421,0.757429,1,0.5,0.367273,0.930556,0.345911
6804281827221,0.746833,1,0,0.599479,0.938272,0.992307
6951086356321,0.804915,1,0.5,0.33753,0.917355,0.876912
7439735821421,0.767946,1,0.5,0.363645,0.911504,0.492811
6873489670021,0.864222,1,0.75,0.335893,0.934211,0.937906
6873256642621,0.820477,1,0.5,0.403663,0.931507,0.93809
6916365912421,0.843142,1,0.666667,0.325463,0.934211,0.904204
7369595867221,0.806245,1,0.666667,0.371654,0.904762,0.547944
6872557599721,0.817294,1,0.5,0.396901,0.918699,0.938639
9120764672921,0.725408,1,0,0.567363,0.929078,0.828556
7005380742921,0.856815,1,0.75,0.361307,0.936306,0.834234
6843196654321,0.83054,1,0.5,0.473555,0.935065,0.961718
7509875777621,0.810538,1,0.666667,0.4677,0.933333,0.437677
7612638967521,0.799668,0.9,0.75,0.624891,0.957447,0.356901
6844128746721,0.834095,1,0.5,0.495574,0.942197,0.960985
7827952316421,0.760121,1,0.5,0.545134,0.934211,0.187655
6825253875421,0.726991,1,0,0.447929,0.923077,0.975822
7016798913721,0.83444,1,0.666667,0.288897,0.948454,0.825259
8994699130621,0.812543,1,0.5,0.49749,0.949239,0.729462
6978583084021,0.766024,1,0.5,0.103454,0.850746,0.855298
7338137748121,0.760977,1,0.5,0.203761,0.916667,0.572672
7425754485921,0.764892,1,0.5,0.367341,0.888889,0.503801
6813369696621,0.734518,1,0,0.511533,0.924242,0.985163
6798223196421,0.727343,1,0,0.476357,0.9,0.997069
6949455197521,0.840999,1,0.666667,0.331793,0.933333,0.878194
6842730610221,0.838537,1,0.5,0.537566,0.942857,0.962084
7053383504321,0.860688,1,0.8,0.347364,0.931507,0.796502
7173157385321,0.807395,1,0.666667,0.297999,0.87013,0.702354
6815932950321,0.730692,1,0,0.476446,0.923664,0.983149
6848323163221,0.819168,1,0.5,0.368223,0.932886,0.957688
7927220165721,0.735869,1,0.5,0.396123,0.926471,0.109625
7101386283321,0.794399,1,0.5,0.362208,0.911504,0.758769
9236577152521,0.7843,0.9,0.5,0.456745,0.933333,0.91959
7830981616721,0.743719,1,0.5,0.371681,0.94012,0.185273
6924288698121,0.850991,1,0.666667,0.383312,0.947644,0.897976
6925686870521,0.803815,1,0.5,0.309337,0.915966,0.896877
6913336611721,0.855938,1,0.666667,0.483395,0.918033,0.906585
6819428310621,0.734515,1,0,0.522231,0.92126,0.980401
7571393883321,0.802381,1,0.666667,0.491632,0.904762,0.389321
7164302507021,0.799346,0.9,0.666667,0.434148,0.958333,0.709314
6819195281021,0.741388,1,0,0.577179,0.928058,0.980584
6918230098021,0.785133,1,0.5,0.281923,0.833333,0.902738
6818263180921,0.839865,1,0.5,0.567707,0.924812,0.981317
7019595154221,0.783959,1,0.5,0.233923,0.891304,0.823061
6825020852721,0.727057,1,0,0.478049,0.908257,0.976005
7830515569821,0.746996,1,0.5,0.4159,0.934211,0.18564
7606114320721,0.766529,1,0.5,0.452516,0.925373,0.362029
9308581301921,0.82388,1,0.5,0.384565,0.939024,0.976188
7209508990421,0.778396,1,0.5,0.275472,0.917355,0.67378
8427986833721,0.738125,1,0.5,0.244312,0.926471,0.284
6949688218721,0.854334,1,0.75,0.325324,0.92,0.878011
6883742677321,0.811049,0.9,0.666667,0.384299,0.931507,0.929847
6870693382521,0.849521,1,0.666667,0.405259,0.908257,0.940104
7485641374121,0.752302,1,0.5,0.234361,0.915966,0.456727
7179682032521,0.803227,1,0.5,0.46005,0.9375,0.697225
9259879466521,0.725833,1,0,0.528758,0.895833,0.937907
8902888010821,0.802996,1,0.5,0.510601,0.931035,0.657295
6799388310521,0.743751,1,0,0.561113,0.94012,0.996153
6814068766821,0.732955,1,0,0.562324,0.891304,0.984614
6824321783121,0.730289,1,0,0.477853,0.924242,0.976555
6863236642221,0.797829,1,0.5,0.259594,0.886364,0.945966
6825952999621,0.72967,1,0,0.478904,0.92126,0.975272
7359808896921,0.807746,1,0.666667,0.338867,0.924812,0.555637
7112571381921,0.769604,0.9,0.5,0.450771,0.947644,0.749977
6800320402721,0.739389,1,0,0.521926,0.938272,0.995421
6859741301921,0.814168,1,0.5,0.387138,0.902913,0.948713
6875353846221,0.729189,1,0,0.511699,0.921875,0.936441
6865566875121,0.801285,1,0.5,0.264798,0.901961,0.944134
7813504890021,0.746704,1,0.5,0.390731,0.93865,0.199011
6807544125321,0.736656,1,0,0.519669,0.928571,0.989743
7213703406121,0.78097,1,0.5,0.321037,0.909091,0.670483
7178516916821,0.827068,1,0.666667,0.373434,0.932886,0.698141
7171992269421,0.809391,1,0.666667,0.222601,0.917355,0.703269
7359342850521,0.770683,1,0.5,0.302346,0.924242,0.556003
7356080526821,0.765089,1,0.5,0.404826,0.84375,0.558568
6900054295021,0.85384,1,0.666667,0.404316,0.94186,0.917025
6909841267821,0.876421,1,0.8,0.399803,0.927536,0.909332
7615668267921,0.822512,1,0.75,0.494827,0.937888,0.35452
7440201872221,0.806113,1,0.666667,0.388023,0.923664,0.492444
9286211081021,0.731955,1,0,0.506936,0.927007,0.958604
7245860596121,0.802738,1,0.5,0.51823,0.931973,0.645206
6913802664921,0.731499,1,0,0.558022,0.925373,0.906219
6798456217221,0.744669,1,0,0.607285,0.92126,0.996886
7333011238321,0.831325,1,0.666667,0.529006,0.937107,0.576701
6883509653921,0.778489,0.9,0.5,0.37534,0.939759,0.93003
6805679937221,0.737627,1,0,0.546353,0.919355,0.991208
6946891942221,0.795484,1,0.5,0.250068,0.912281,0.880209
6940367294821,0.79749,1,0.5,0.249563,0.92,0.885337
8835078279421,0.789738,1,0.5,0.422422,0.935484,0.603993
6868596174521,0.847184,1,0.666667,0.331886,0.932432,0.941753
6875586867621,0.732055,1,0,0.552361,0.915966,0.936258
9005884241821,0.726539,1,0,0.658715,0.934211,0.738254
6921259397521,0.832005,0.9,0.75,0.426648,0.946524,0.900357
6874887798921,0.810802,1,0.5,0.315096,0.928058,0.936807
7434609319521,0.779369,1,0.5,0.453095,0.921875,0.49684
7779017465021,0.768257,1,0.5,0.54947,0.953488,0.22612
6900287324621,0.854064,1,0.666667,0.404097,0.943182,0.916842
7655748241921,0.755317,1,0.5,0.374042,0.928058,0.323015
7388936784721,0.822656,1,0.666667,0.500349,0.93007,0.532741
7157078789921,0.826417,1,0.666667,0.350068,0.932886,0.714992
6917064982421,0.83801,1,0.666667,0.318555,0.912281,0.903654
6824088760121,0.726353,1,0,0.448084,0.919355,0.976738
7582578987021,0.768927,1,0.5,0.456886,0.925926,0.380529
6801019471421,0.752308,1,0,0.65808,0.935065,0.994871
6807311095121,0.738671,1,0,0.544931,0.925926,0.989926
6810573418821,0.729608,1,0,0.463757,0.922481,0.987361
8635843476621,0.760919,1,0.5,0.296036,0.932886,0.447385
6915433821621,0.807409,1,0.5,0.327887,0.920635,0.904936
6873023613521,0.728392,1,0,0.499497,0.923077,0.938273
6918696145321,0.813291,1,0.5,0.39861,0.915966,0.902372
6811039471621,0.732369,1,0,0.499296,0.918699,0.986995
6800553426621,0.741404,1,0,0.531797,0.943503,0.995238
7653651034221,0.765941,1,0.5,0.487421,0.923664,0.324663
6947124963721,0.794167,1,0.5,0.243465,0.909091,0.880026
7815835115021,0.75209,1,0.5,0.438011,0.942857,0.197179
6813136674021,0.733099,1,0,0.497161,0.924242,0.985347
6869994312621,0.814573,1,0.5,0.361329,0.921875,0.940654
6869761311721,0.814553,1,0.5,0.364695,0.92,0.940837
6807777142321,0.729379,1,0,0.452382,0.925926,0.989559
6804514818621,0.747299,1,0,0.592602,0.944134,0.992124
8492767264421,0.739194,1,0.5,0.18522,0.935897,0.334921
6900520340721,0.822792,1,0.5,0.418209,0.946524,0.916659
7156146698521,0.775407,1,0.5,0.234427,0.901961,0.715725
7113736490421,0.800769,1,0.5,0.398492,0.93007,0.749061
7110474166721,0.812171,1,0.666667,0.256532,0.89011,0.751626
6841099449821,0.735994,1,0,0.540456,0.928058,0.963367
7137038807621,0.788458,1,0.5,0.360021,0.896907,0.730745
6944561709321,0.753703,1,0.5,0.0805197,0.787234,0.882041
6941299385621,0.833371,1,0.666667,0.299256,0.908257,0.884605
7817466275821,0.751433,1,0.5,0.445824,0.936306,0.195897
6818030158521,0.739485,1,0,0.578643,0.917355,0.9815
7260541050921,0.786008,1,0.5,0.379083,0.923664,0.633666
6801252495421,0.747438,1,0,0.606269,0.936709,0.994688
8469464952521,0.750404,1,0.5,0.31244,0.9375,0.316604
7227451770421,0.82083,1,0.666667,0.332245,0.94152,0.659676
6809408303121,0.728492,1,0,0.439496,0.928571,0.988277
6811971558321,0.729234,1,0,0.559246,0.873418,0.986263
7888072282521,0.746464,1,0.5,0.455824,0.934211,0.140397
6807078072721,0.727962,1,0,0.444551,0.922481,0.990109
6938969155121,0.771971,0.9,0.5,0.344385,0.944444,0.886436
7603085041421,0.756464,1,0.5,0.396307,0.901961,0.364411
6921958474321,0.814112,1,0.5,0.346578,0.947368,0.899808
6809175284621,0.733092,1,0,0.480395,0.931035,0.98846
7360274979421,0.80366,1,0.666667,0.326571,0.910714,0.555271
7349788922121,0.770833,1,0.5,0.34482,0.9,0.563513
6804980864221,0.747545,1,0,0.601342,0.941176,0.991758
6928716143221,0.793066,1,0.5,0.248933,0.893617,0.894496
9264772952221,0.829192,1,0.5,0.467127,0.94152,0.941753
6794494825121,0.678098,1,0,0.26879,0.756098,1
6868829198921,0.819078,1,0.5,0.371163,0.939024,0.94157
6910540336121,0.834624,1,0.666667,0.294596,0.904762,0.908783
7536207423421,0.763966,1,0.5,0.352553,0.935065,0.41698
6964135653121,0.871582,1,0.8,0.368926,0.94012,0.866654
6901452433121,0.812281,1,0.5,0.32884,0.939024,0.915926
7074122561121,0.813695,1,0.5,0.484135,0.936306,0.7802
6866032920021,0.839092,1,0.666667,0.27775,0.918033,0.943768
6798689240021,0.750882,1,0,0.65497,0.928571,0.996703
6862770596621,0.807093,1,0.5,0.298509,0.913043,0.946332
6973223558721,0.8731,1,0.8,0.399694,0.935897,0.859511
6800786448221,0.747881,1,0,0.59304,0.945355,0.995054
6871625475121,0.827716,1,0.5,0.510197,0.913793,0.939372
6811272488921,0.73259,1,0,0.499088,0.92,0.986812
6964834720921,0.817708,0.9,0.666667,0.504226,0.936709,0.866105
7062471409821,0.827541,1,0.666667,0.329713,0.911504,0.789358
6909142195921,0.835763,1,0.5,0.580201,0.933775,0.909882
7570927830521,0.768213,1,0.5,0.423157,0.934641,0.389688
6815466904521,0.726905,1,0,0.460975,0.912281,0.983515
6842497585521,0.838925,1,0.5,0.555187,0.935897,0.962268
7398257713521,0.768306,1,0.5,0.333087,0.912281,0.525414
8776822484221,0.787085,1,0.5,0.482143,0.915254,0.558201
7105813711721,0.800272,1,0.5,0.436113,0.90566,0.755289
7059908157421,0.789587,1,0.5,0.269782,0.917355,0.791373
6846692001921,0.77797,0.9,0.5,0.322255,0.949239,0.958971
7711440763521,0.764935,1,0.5,0.483751,0.943182,0.279238
6800087386121,0.744843,1,0,0.581859,0.935484,0.995604
7104648592421,0.854138,1,0.8,0.329059,0.928058,0.756205
6988137039121,0.796084,1,0.5,0.315073,0.89899,0.847788
7086239765221,0.819627,1,0.666667,0.253554,0.919355,0.770675
6875819905821,0.864082,1,0.666667,0.55159,0.90991,0.936075
6983709636221,0.797362,1,0.5,0.258408,0.931973,0.851268
6809641334221,0.727712,1,0,0.452957,0.918033,0.988094
7006312835921,0.880649,1,0.833333,0.452305,0.927007,0.833501
6841798515921,0.739175,1,0,0.546584,0.941176,0.962817
8653320212921,0.784503,1,0.5,0.468298,0.957806,0.461123
6821991552121,0.726513,1,0,0.452035,0.917355,0.978386
7642931971221,0.750878,1,0.5,0.369864,0.902913,0.333089
6916831958521,0.799456,1,0.5,0.256013,0.917355,0.903837
6913569634821,0.830296,1,0.5,0.554043,0.92126,0.906402
6847391070821,0.886278,1,0.8,0.401917,0.951219,0.958421
7596793396721,0.793146,1,0.666667,0.353767,0.9375,0.369356
6847857118121,0.828099,1,0.5,0.44794,0.9375,0.958055
6815233881721,0.737583,1,0,0.57231,0.90991,0.983698
7600987812321,0.763524,1,0.5,0.407116,0.931035,0.366059
7197857841821,0.775953,1,0.5,0.229266,0.923664,0.682938
6998856096121,0.787201,1,0.5,0.259924,0.886364,0.839363
6843895725621,0.834333,1,0.5,0.495801,0.943182,0.961169
6844827821921,0.832228,1,0.5,0.483793,0.939024,0.960436
6840633408521,0.822823,1,0.5,0.40436,0.93007,0.963733
6848789216321,0.823471,1,0.5,0.428904,0.924242,0.957322
6808476210621,0.730119,1,0,0.446404,0.932886,0.98901
6956212865521,0.795582,1,0.5,0.318234,0.882353,0.872882
7058510019821,0.798056,1,0.666667,0.0794777,0.88764,0.792472
7093230457221,0.770221,0.9,0.5,0.43907,0.94898,0.76518
9204186937221,0.727208,1,0,0.53062,0.923664,0.89413
6841565492221,0.737537,1,0,0.528647,0.94186,0.963
7751753760221,0.742253,1,0.5,0.296928,0.939024,0.24755
7533877158521,0.756441,1,0.5,0.32104,0.912281,0.418811
6850187353921,0.815333,0.9,0.666667,0.404619,0.929577,0.956223
6842264563021,0.834559,1,0.5,0.524984,0.929078,0.962451
6905879875821,0.802393,1,0.5,0.290054,0.910714,0.912446
9326757105921,0.707454,1,0,0.306287,0.888889,0.990475
6843429684021,0.82983,1,0.5,0.456529,0.94012,0.961535
6883043606921,0.831649,0.9,0.75,0.388659,0.948718,0.930397
6801485545421,0.754173,1,0,0.666274,0.940476,0.994505
7676254275621,0.793319,1,0.666667,0.401657,0.945652,0.306896
7204615511521,0.775564,1,0.5,0.310572,0.883721,0.677626
7530614861121,0.83048,1,0.75,0.502475,0.940476,0.421376
9031050741621,0.806659,1,0.5,0.445544,0.931507,0.758037
6845293862621,0.825345,1,0.5,0.407668,0.942857,0.96007
9300192469221,0.802756,0.9,0.5,0.578449,0.939759,0.969594
6846225960621,0.784151,0.9,0.5,0.384735,0.948718,0.959337
6914035681921,0.869496,1,0.75,0.434908,0.927007,0.906035
7101852319921,0.798935,1,0.5,0.383623,0.923664,0.758403
9244499939721,0.737704,1,0,0.579423,0.935897,0.925817
7028683061221,0.752019,0.8,0.5,0.589017,0.957627,0.815917
6908909174421,0.824727,1,0.5,0.456254,0.940476,0.910065
6859974318921,0.849133,1,0.666667,0.36098,0.924242,0.94853
6938736133221,0.799791,0.9,0.666667,0.308678,0.934641,0.88662
7322758222121,0.775866,1,0.5,0.34484,0.91453,0.584761
6850420371821,0.816473,0.9,0.666667,0.415218,0.93007,0.95604
8804319216521,0.798189,1,0.5,0.535408,0.933333,0.579815
7525488326121,0.747134,1,0.5,0.302349,0.871795,0.425405
7553451099621,0.776853,1,0.5,0.490101,0.9375,0.403425
6866498971321,0.847867,1,0.666667,0.351187,0.925373,0.943401
7044528626621,0.803138,0.9,0.666667,0.411546,0.94152,0.803462
6919395213621,0.848841,1,0.666667,0.383123,0.935065,0.901823
9333747800621,0.499597,1,0,0,0,0.99597
7494962298921,0.784728,1,0.5,0.534864,0.931507,0.4494
6948523103221,0.837644,1,0.666667,0.309104,0.927536,0.878927
7053150488321,0.851515,1,0.75,0.345046,0.936709,0.796685
9256617142421,0.725493,1,0,0.45472,0.932432,0.935342
7372858195121,0.804082,1,0.666667,0.340683,0.910714,0.54538
7594929210621,0.782884,1,0.666667,0.255407,0.934641,0.370822
6799854355521,0.7512,1,0,0.644415,0.935897,0.995787
9086510250721,0.729973,1,0,0.626309,0.935897,0.80163
6842031545121,0.834213,1,0.5,0.503724,0.937888,0.962634
7561839938421,0.80473,1,0.666667,0.442917,0.937107,0.396831
7034042585221,0.869283,1,0.666667,0.653055,0.947368,0.811704
6922657536921,0.865981,1,0.75,0.377513,0.94152,0.899258
6816165974321,0.728455,1,0,0.449729,0.925926,0.982965
7043363568221,0.768814,0.9,0.5,0.396758,0.943503,0.804378
6862537592321,0.798011,1,0.5,0.191072,0.92126,0.946515
6984874709321,0.839776,1,0.666667,0.329011,0.942529,0.850353
7155913680921,0.783898,1,0.5,0.308258,0.907407,0.715908
6921026374521,0.774959,0.9,0.5,0.371753,0.93865,0.90054
6861605480421,0.810667,1,0.5,0.355497,0.901961,0.947248
6864867804121,0.771025,1,0.5,0.0554223,0.855072,0.944684
7582812009121,0.825196,1,0.8,0.419757,0.925926,0.380346
6882810586021,0.779028,0.9,0.5,0.357257,0.951219,0.93058
6865799896321,0.798267,1,0.5,0.223901,0.907407,0.943951
8338039911021,0.760295,1,0.5,0.525702,0.931973,0.213298
6863003619721,0.799307,1,0.5,0.255252,0.895833,0.946149
6866731989221,0.817332,1,0.5,0.390099,0.92,0.943218
8626522551121,0.757935,1,0.5,0.290802,0.924242,0.440059
6870227335421,0.849523,1,0.666667,0.380153,0.920635,0.940471
6866965012121,0.726888,1,0,0.466689,0.929577,0.943035
7623591053621,0.762814,1,0.5,0.433693,0.923077,0.348292
6868130127621,0.821401,1,0.5,0.388846,0.94152,0.942119
7080181169421,0.803833,1,0.5,0.417932,0.922481,0.775437
6985573782121,0.838231,1,0.666667,0.318222,0.940476,0.849803
6876751982621,0.814323,1,0.5,0.367892,0.92,0.935342
7393830302121,0.852096,1,0.75,0.59678,0.947644,0.528895
7113969550121,0.851939,1,0.75,0.393972,0.938272,0.748878
7312738228821,0.79176,1,0.666667,0.24479,0.873418,0.592637
7006079813921,0.801362,1,0.5,0.338666,0.920635,0.833684
7547392498121,0.769137,1,0.5,0.466665,0.908257,0.408188
6950853334321,0.817199,1,0.5,0.447568,0.923664,0.877095
6954115658021,0.813176,1,0.5,0.409902,0.923664,0.874531
6955047750221,0.789559,1,0.5,0.355121,0.833333,0.873798
6956911934521,0.798831,1,0.5,0.30466,0.90566,0.872333
7364469357621,0.789377,1,0.666667,0.290157,0.859155,0.551974
6964601696921,0.739045,0.8,0.5,0.430541,0.946809,0.866288
7362139126721,0.775354,1,0.5,0.386647,0.906542,0.553805
7157311819821,0.799853,1,0.5,0.406419,0.93865,0.714809
7076452794821,0.847263,1,0.75,0.31696,0.93865,0.778368
6960174261121,0.849973,1,0.666667,0.456631,0.92,0.869768
7507079499921,0.836044,1,0.8,0.455704,0.932432,0.439875
6960407290721,0.852931,1,0.666667,0.49446,0.915966,0.869585
7381013999521,0.775953,1,0.5,0.376811,0.921875,0.538969
7635941277321,0.740702,1,0.5,0.247008,0.910714,0.338584
6952251472721,0.80808,1,0.5,0.370092,0.917355,0.875996
6962038443821,0.795491,1,0.5,0.290684,0.897959,0.868303
7588404563821,0.766722,1,0.5,0.398224,0.946524,0.37595
7585142240121,0.755235,1,0.5,0.34333,0.915254,0.378515
7061306296821,0.805258,1,0.5,0.397437,0.932432,0.790274
7637106392821,0.763351,1,0.5,0.412799,0.94152,0.337668
6953416588221,0.806464,1,0.5,0.389558,0.9,0.87508
8393732433821,0.74413,1,0.5,0.334603,0.924812,0.257075
7963804791621,0.75108,1,0.5,0.549693,0.94012,0.0808682
6964368674321,0.773104,0.9,0.5,0.378206,0.943182,0.866471
8856982449521,0.793765,1,0.5,0.430074,0.943182,0.621211
6959009142321,0.798453,1,0.5,0.333626,0.89011,0.870684
6965533789721,0.805927,1,0.5,0.355005,0.919355,0.865555
9246364124221,0.838054,1,0.5,0.591191,0.931035,0.927283
6965300771721,0.857095,1,0.666667,0.502594,0.934641,0.865739
7392898177921,0.836401,1,0.666667,0.609746,0.945652,0.529627
7013536589021,0.814688,1,0.5,0.449773,0.934641,0.827823
7656913357321,0.762542,1,0.5,0.499402,0.901961,0.322099
6966698905321,0.79261,1,0.5,0.286179,0.88764,0.86464
7640834763221,0.747635,1,0.5,0.318606,0.911504,0.334738
6934308692721,0.796045,1,0.5,0.252169,0.909091,0.8901
6966931929721,0.797103,1,0.5,0.321628,0.892473,0.864456
7120727189921,0.830311,1,0.666667,0.363199,0.931507,0.743566
6972757506221,0.744432,1,0.5,0.0972597,0.74359,0.859877
7370760981621,0.770543,1,0.5,0.323687,0.917355,0.547028
6963669605321,0.801861,1,0.5,0.289522,0.931035,0.867021
6973456576421,0.886332,1,0.833333,0.446017,0.945652,0.859328
6960640304821,0.800399,1,0.5,0.276435,0.929078,0.869402
6972990529221,0.798308,1,0.5,0.303567,0.90991,0.859694
6924987768321,0.803102,1,0.5,0.325904,0.903846,0.897426
6874188761521,0.809962,1,0.5,0.290469,0.935897,0.937357
6990234242321,0.761272,1,0.5,0.0564385,0.855072,0.84614
6973922623821,0.78968,0.9,0.5,0.528746,0.954545,0.858961
6974621697421,0.821246,1,0.5,0.482258,0.935897,0.858412
6975087739121,0.802795,1,0.5,0.346893,0.911504,0.858046
9085811187621,0.816375,1,0.5,0.526602,0.918033,0.801081
6977650991221,0.773745,1,0.5,0.0964731,0.892473,0.856031
7446027449721,0.778177,1,0.5,0.436757,0.928571,0.487865
7085540700221,0.828754,1,0.666667,0.369895,0.906542,0.771224
9181117645521,0.727773,1,0,0.521494,0.94012,0.875996
7020760269921,0.789549,1,0.5,0.323342,0.875,0.822145
6981612385521,0.801953,1,0.5,0.292399,0.937107,0.852917
6982078431421,0.801972,1,0.5,0.278905,0.944134,0.852551
7036372817321,0.797009,1,0.5,0.340394,0.90991,0.809873
9003320986321,0.823049,1,0.5,0.586844,0.953704,0.73624
6974155644921,0.824671,0.9,0.666667,0.550295,0.952153,0.858778
6983942616021,0.793961,1,0.5,0.226453,0.931035,0.851085
7012837482821,0.778015,0.9,0.5,0.460472,0.945652,0.828373
7051752348921,0.796023,1,0.5,0.275442,0.943503,0.797784
6984408662821,0.837309,1,0.666667,0.307379,0.940828,0.850719
7572558993721,0.802309,1,0.666667,0.46395,0.918699,0.388406
6963902634221,0.835112,1,0.666667,0.288878,0.931035,0.866838
6986971940721,0.809384,1,0.5,0.467356,0.888889,0.848704
7018430056521,0.842318,1,0.666667,0.400094,0.932886,0.823977
7150554148721,0.81289,1,0.5,0.541227,0.933775,0.720121
6925453813421,0.83497,1,0.666667,0.260152,0.929577,0.89706
6935240784521,0.799389,1,0.5,0.279957,0.912281,0.889367
6941765431921,0.809896,1,0.5,0.412745,0.90099,0.884238
6938503108221,0.806179,1,0.5,0.341649,0.916667,0.886803
6987437963721,0.805234,1,0.5,0.384183,0.90991,0.848338
7509176714521,0.816347,1,0.666667,0.532758,0.929577,0.438227
7164069488521,0.865019,1,0.8,0.431604,0.954545,0.709497
7123057452821,0.800653,1,0.5,0.400848,0.931973,0.741735
6994428656121,0.786908,1,0.5,0.28265,0.871795,0.842843
6975320760421,0.84112,1,0.666667,0.382602,0.918699,0.857862
6989069126521,0.794595,1,0.5,0.287573,0.90566,0.847056
6989535176321,0.792665,1,0.5,0.261777,0.909091,0.846689
9179719506721,0.729915,1,0,0.57692,0.923664,0.874897
7390567946721,0.826954,1,0.666667,0.550736,0.927007,0.531459
6983476570421,0.790949,1,0.5,0.248518,0.904762,0.851452
9327689204221,0.725923,1,0,0.470043,0.89899,0.991208
7010041204821,0.839669,1,0.666667,0.351133,0.940828,0.830571
6986272846821,0.782944,1,0.5,0.254163,0.863014,0.849254
7667632420421,0.760969,1,0.5,0.438873,0.928571,0.313673
6990467263221,0.774337,1,0.5,0.183123,0.857143,0.845957
6812204581321,0.728277,1,0,0.496691,0.9,0.986079
6818729228721,0.741629,1,0,0.566061,0.934641,0.980951
7647825455321,0.757414,1,0.5,0.370682,0.937107,0.329243
6996758887721,0.792683,1,0.5,0.342231,0.871795,0.841011
6958077049821,0.778335,1,0.5,0.210443,0.850746,0.871417
6948290078721,0.84094,1,0.666667,0.362245,0.917355,0.87911
6997224934221,0.783627,1,0.5,0.206147,0.894737,0.840645
6981146338821,0.782358,1,0.5,0.168319,0.90099,0.853283
6997457957321,0.799291,1,0.5,0.317738,0.917355,0.840462
6999322141421,0.824492,1,0.666667,0.307884,0.882353,0.838996
7671127767321,0.737612,1,0.5,0.275717,0.894737,0.310926
7394529339021,0.798754,1,0.5,0.565574,0.946809,0.528345
7391267015321,0.809684,1,0.5,0.669557,0.948187,0.530909
7010274228621,0.842167,1,0.666667,0.386151,0.935897,0.830387
7005147719721,0.80252,1,0.5,0.358846,0.915966,0.834417
6989302147021,0.791018,1,0.5,0.27164,0.895833,0.846872
7005613765521,0.841055,1,0.666667,0.389147,0.927007,0.834051
7005846794021,0.79393,1,0.5,0.282425,0.911504,0.833868
7007477950121,0.817067,1,0.5,0.5401,0.89899,0.832585
7393597246721,0.839701,1,0.666667,0.618988,0.957806,0.529078
7009342136321,0.790843,1,0.5,0.257488,0.90991,0.83112
7011672367321,0.743726,0.8,0.5,0.502307,0.95283,0.829288
7317165667421,0.764196,1,0.5,0.35583,0.848485,0.589157
7011206325821,0.798843,0.8,0.75,0.546493,0.95614,0.829655
7496360436721,0.813182,1,0.75,0.346122,0.918699,0.448301
7012371464021,0.874392,1,0.75,0.511339,0.951923,0.828739
7395694454121,0.803865,1,0.5,0.624215,0.943503,0.527429
7122358349521,0.830004,1,0.666667,0.361413,0.931507,0.742284
7044062580721,0.847477,1,0.666667,0.476499,0.930556,0.803828
7013070507221,0.774984,0.9,0.5,0.436593,0.942529,0.828189
7016332831121,0.792621,1,0.5,0.245511,0.927536,0.825625
7830049524021,0.786137,1,0.666667,0.458311,0.94186,0.186006
7085773741521,0.833243,1,0.666667,0.405045,0.911504,0.771041
7016565857621,0.793121,1,0.5,0.2391,0.933333,0.825442
7020527246121,0.785084,1,0.5,0.314229,0.857143,0.822328
7017264922421,0.794875,1,0.5,0.264702,0.929577,0.824892
7017963997621,0.801032,0.9,0.666667,0.375347,0.93865,0.824343
6963436581521,0.79894,1,0.5,0.254643,0.933775,0.867204
8853953148521,0.78697,1,0.5,0.364507,0.943182,0.61883
7011439344221,0.775817,0.8,0.666667,0.496889,0.949239,0.829472
7021226315321,0.798913,1,0.5,0.411254,0.878049,0.821779
7121892326721,0.850905,1,0.75,0.40339,0.931507,0.74265
7023323529521,0.787748,1,0.5,0.247825,0.904762,0.82013
7024488638821,0.794904,1,0.5,0.325907,0.901961,0.819214
7024954685921,0.787543,1,0.5,0.210432,0.923077,0.818848
7012138412421,0.851337,1,0.666667,0.486249,0.932432,0.828922
7025187707221,0.819071,1,0.666667,0.197437,0.920635,0.818665
7024022591621,0.83527,1,0.75,0.241454,0.895833,0.819581
7027284915321,0.844554,1,0.666667,0.395695,0.949749,0.817016
7803251895321,0.789053,1,0.666667,0.464411,0.942857,0.20707
6919861258821,0.814543,1,0.5,0.384816,0.929577,0.901456
7037304912021,0.847407,1,0.666667,0.463177,0.934211,0.80914
6926385906221,0.793409,1,0.5,0.213201,0.912281,0.896327
7028217009321,0.800718,0.8,0.75,0.570258,0.960317,0.816284
7028916077621,0.758118,0.8,0.5,0.645449,0.96,0.815734
7388004691921,0.829211,1,0.75,0.37227,0.943182,0.533474
7029848171121,0.790413,1,0.5,0.330095,0.879518,0.815001
7037071886021,0.806181,1,0.5,0.415084,0.918699,0.809323
6801718540421,0.740635,1,0,0.544481,0.933775,0.994322
7030081199421,0.804077,1,0.5,0.434287,0.895833,0.814818
7031013286021,0.85011,1,0.666667,0.494523,0.929577,0.814086
9063907004721,0.810392,1,0.5,0.491002,0.91453,0.783863
7818864416421,0.746115,1,0.5,0.422603,0.921875,0.194798
7565102254021,0.767608,1,0.5,0.420707,0.930556,0.394267
7031945378121,0.730561,1,0,0.608533,0.94186,0.813353
7032644447721,0.82353,1,0.5,0.560425,0.931035,0.812803
7927453182521,0.739008,1,0.5,0.433306,0.923664,0.109442
7038936071021,0.846113,1,0.75,0.290263,0.931507,0.807858
7013769575221,0.799619,1,0.5,0.293551,0.9375,0.82764
7018197014321,0.801204,0.9,0.666667,0.382752,0.935897,0.82416
7031246309121,0.858543,1,0.666667,0.573326,0.932432,0.813902
7034508632821,0.822586,1,0.5,0.529466,0.942529,0.811338
7046858857221,0.833573,1,0.666667,0.391244,0.904762,0.80163
7033809562421,0.836088,1,0.5,0.664595,0.942197,0.811888
7040334209821,0.802417,1,0.5,0.367787,0.924812,0.806759
7035440730921,0.798364,1,0.5,0.385801,0.893617,0.810605
7036139793721,0.829522,1,0.666667,0.337014,0.907407,0.810056
7026818869921,0.848328,1,0.666667,0.450904,0.940828,0.817383
7036605841021,0.800344,1,0.5,0.366161,0.913793,0.80969
6805213887021,0.747419,1,0,0.619607,0.931507,0.991574
7036838869721,0.802208,1,0.5,0.380642,0.915966,0.809506
7077617908721,0.847188,1,0.75,0.336274,0.929078,0.777452
7037537933221,0.835923,1,0.666667,0.335287,0.940828,0.808957
6985806801121,0.800825,1,0.5,0.294686,0.931973,0.84962
7038003980321,0.766248,0.9,0.5,0.370853,0.94152,0.808591
7038237007321,0.835613,1,0.666667,0.350443,0.931973,0.808407
7078083955221,0.799746,1,0.5,0.355504,0.932432,0.777086
7040101186621,0.842883,1,0.666667,0.41051,0.939024,0.806942
7040567233021,0.788584,1,0.5,0.296655,0.891304,0.806576
7041965372121,0.788968,1,0.5,0.286222,0.89899,0.805477
7042897464621,0.845844,1,0.75,0.311172,0.92126,0.804744
7043596539221,0.804552,0.9,0.666667,0.427044,0.940476,0.804195
7052451411321,0.825247,1,0.666667,0.25435,0.933775,0.797234
7044761648421,0.767149,0.9,0.5,0.399794,0.934211,0.803279
7038703048521,0.826409,1,0.666667,0.281443,0.920635,0.808041
7055480712021,0.805006,1,0.5,0.420496,0.917355,0.794853
7052218388321,0.798422,1,0.5,0.321032,0.932886,0.797417
7045693741421,0.800362,1,0.5,0.362366,0.919355,0.802546
6991632378121,0.762951,1,0.5,0.0785862,0.852941,0.845041
7037770955521,0.797913,0.9,0.666667,0.351312,0.942857,0.808774
7051053273921,0.798156,1,0.5,0.308229,0.9375,0.798333
7042664440721,0.78592,1,0.5,0.223762,0.915254,0.804927
7039402117021,0.84152,1,0.666667,0.423627,0.925373,0.807492
7051519320021,0.831223,1,0.666667,0.299276,0.940828,0.797967
7052917458621,0.805832,1,0.5,0.374451,0.943503,0.796868
7207411787421,0.786278,1,0.5,0.385375,0.90099,0.675428
7054082573521,0.801254,1,0.5,0.347307,0.934641,0.795952
7055247689721,0.797727,1,0.5,0.362411,0.90991,0.795036
7143796478621,0.83571,1,0.666667,0.45458,0.921875,0.725433
7027051892421,0.852274,1,0.666667,0.472212,0.95,0.817199
7033576539821,0.861142,1,0.666667,0.604908,0.930556,0.812071
7060840243721,0.827127,1,0.666667,0.306027,0.920635,0.79064
6907511035121,0.858508,1,0.666667,0.467168,0.936709,0.911164
7057577925321,0.763798,1,0.5,0.126467,0.859155,0.793204
7076219771721,0.792905,1,0.5,0.294387,0.928058,0.778551
7634543152421,0.819283,1,0.75,0.458411,0.947368,0.339683
7455115348921,0.81469,1,0.666667,0.469829,0.931507,0.480722
7220927128721,0.800359,1,0.5,0.551554,0.893617,0.664804
7054781644721,0.801686,1,0.5,0.328413,0.946524,0.795403
7094861619221,0.832699,1,0.666667,0.365814,0.931973,0.763898
7059675129621,0.832955,1,0.666667,0.365946,0.919355,0.791556
7060141175121,0.783812,1,0.5,0.228746,0.909091,0.79119
7062005359321,0.761304,1,0.5,0.0935845,0.864865,0.789724
7062238382321,0.777601,1,0.5,0.230369,0.878049,0.789541
7065267688421,0.795475,1,0.5,0.307448,0.93007,0.78716
7066199777621,0.844341,1,0.75,0.263368,0.946809,0.786427
7068063966221,0.783887,1,0.5,0.255926,0.89899,0.784962
7068530006621,0.793532,1,0.5,0.3034,0.923664,0.784596
6882111514321,0.741353,0.8,0.5,0.394756,0.94382,0.931129
6950620312021,0.808944,1,0.5,0.383103,0.91453,0.877278
7639203600821,0.792813,1,0.666667,0.417503,0.920635,0.33602
7069695125721,0.819611,1,0.666667,0.236582,0.92126,0.78368
7110241146021,0.789247,1,0.5,0.2957,0.922481,0.751809
7038470024621,0.803467,1,0.5,0.371375,0.927536,0.808224
7071093261621,0.805885,1,0.5,0.454838,0.910714,0.782581
7928152251521,0.747802,1,0.5,0.509973,0.929577,0.108893
7065733729621,0.823429,1,0.666667,0.248388,0.932886,0.786794
7072258377021,0.790283,1,0.5,0.317244,0.901961,0.781665
7071326284221,0.794903,1,0.5,0.366636,0.9,0.782398
7072025359821,0.770296,1,0.5,0.219618,0.850746,0.781848
7121426255421,0.797877,1,0.5,0.374643,0.930556,0.743017
7072491399921,0.783734,1,0.5,0.285746,0.885057,0.781482
7072724423421,0.820406,1,0.666667,0.3167,0.886364,0.781299
7483311146021,0.779018,1,0.5,0.449272,0.941176,0.458558
7066432798621,0.852788,1,0.75,0.352744,0.944444,0.786244
7074821652921,0.824117,1,0.666667,0.334371,0.896907,0.77965
9337243150321,0.69576,1,0,0.329255,0.814815,0.998718
7078316977521,0.831509,1,0.666667,0.348738,0.928058,0.776903
7075986747221,0.797193,1,0.5,0.319773,0.936709,0.778734
7096958844721,0.836675,1,0.666667,0.401037,0.935065,0.762249
7079948140021,0.792402,1,0.5,0.322311,0.913043,0.77562
7076685816321,0.795219,1,0.5,0.301398,0.936306,0.778185
7077151861821,0.797339,1,0.5,0.307308,0.944134,0.777819
7077850931921,0.830458,1,0.666667,0.345493,0.924242,0.777269
7053616527921,0.851134,1,0.75,0.358905,0.928058,0.796318
7080414200621,0.794637,1,0.5,0.332408,0.919355,0.775254
7341866116621,0.761686,1,0.5,0.237599,0.904762,0.569741
7084142562521,0.791682,1,0.5,0.326313,0.909091,0.772323
7045460718821,0.805372,1,0.5,0.376776,0.937107,0.802729
7084608603221,0.773596,1,0.5,0.30883,0.827586,0.771957
7080647208121,0.805315,1,0.5,0.41794,0.93007,0.775071
7433677221121,0.769276,1,0.5,0.454923,0.87013,0.497573
7085307671421,0.781661,1,0.5,0.26992,0.88764,0.771408
7098356966021,0.79049,1,0.5,0.298792,0.922481,0.76115
7088569994921,0.78136,1,0.5,0.280052,0.882353,0.768843
7094162549821,0.84066,1,0.666667,0.453746,0.927536,0.764447
7091133250321,0.839867,1,0.666667,0.523222,0.88764,0.766828
7469096734921,0.784396,0.9,0.8,0.301613,0.936306,0.469732
7088103948221,0.786438,1,0.5,0.289346,0.902913,0.76921
