#timestamp [ns],p_RS_R_x [m],p_RS_R_y [m],p_RS_R_z [m],q_RS_w [],q_RS_x [],q_RS_y [],q_RS_z []
9948762541383,1.68325,-0.0935994,0.0530576,0.681632,-0.726914,-0.0717601,0.0427248
9948995564583,1.69694,-0.0729883,0.0676536,0.532468,-0.842199,-0.0810968,0.0245358
9949228587583,1.79194,0.00554113,0.195302,0.512496,-0.851775,-0.108058,-0.0122396
9949461610183,1.90998,0.0701267,0.331998,0.393453,-0.904611,-0.131813,-0.09746
9949694634083,1.96015,0.147208,0.446269,0.415861,-0.893622,-0.161261,-0.0499352
9949927660083,1.96795,0.18458,0.604379,0.380606,-0.894823,-0.216566,-0.0867724
9950160681183,2.02059,0.164495,0.633663,0.228767,-0.852151,-0.412741,-0.226163
9950393702983,1.98922,0.0945562,0.564283,0.121276,-0.867373,-0.472408,-0.098929
9950626726783,1.94472,0.0737437,0.571811,0.0739853,-0.899418,-0.430745,-0.00561258
9950859750183,1.91965,0.0918706,0.590565,0.00920476,-0.902612,-0.429521,0.0268071
9951092778583,1.90966,0.150648,0.617293,-0.0155276,-0.860616,-0.508337,0.026338
9951325823783,1.85731,0.259692,0.648368,0.00409329,-0.875862,-0.482361,0.0133361
9951558818283,1.72372,0.352506,0.680439,0.0797939,-0.859268,-0.504239,0.0321586
9951791843583,1.63214,0.431297,0.753256,0.114538,-0.946577,-0.267129,0.139694
9952024865383,1.65054,0.528523,0.856173,0.146672,-0.965999,-0.193973,0.087792
9952257888783,1.68692,0.584884,1.0047,0.22011,-0.961131,-0.161837,0.0398528
9952490917283,1.65034,0.662909,1.05234,0.268197,-0.955608,-0.10318,0.0651034
9952723933883,1.59894,0.867597,1.03018,0.300291,-0.939709,-0.124336,0.10636
9952956958383,1.59761,1.05891,1.04688,0.320514,-0.939642,-0.0979734,0.0688849
9953189981483,1.63548,1.05153,1.17496,0.383163,-0.922424,0.0204232,-0.0436253
9953423004883,1.53573,0.962693,1.23646,0.37777,-0.915596,0.0623606,-0.122821
9953656026283,1.44772,0.990374,1.21569,0.483818,-0.87114,-0.0497998,-0.0674895
9953889056083,1.36911,1.01538,1.18828,0.518993,-0.835017,-0.17961,0.033658
9954122073683,1.35423,1.02886,1.17828,0.548232,-0.813684,-0.162278,0.105003
9954355095383,1.33379,1.03137,1.16695,0.555013,-0.807602,-0.14812,0.133415
9954588119183,1.30363,1.00902,1.15201,0.496238,-0.835802,-0.163687,0.168494
9954821142183,1.29383,0.989566,1.16524,0.544436,-0.796691,-0.203374,0.165868
9955054166083,1.29198,0.983872,1.16636,0.546709,-0.796338,-0.206625,0.155761
9955287194483,1.29453,0.984661,1.17411,0.561714,-0.78817,-0.197255,0.156062
9955520211983,1.29268,0.985476,1.16845,0.570086,-0.782269,-0.191207,0.162781
9955753234683,1.28991,0.970843,1.13484,0.579935,-0.778359,-0.178949,0.160655
9955986257583,1.26911,0.968503,1.14851,0.633162,-0.72505,-0.16709,0.213282
9956219281383,1.25811,0.981898,1.11713,0.608634,-0.745459,-0.195988,0.188265
9956452304883,1.24215,0.974847,1.08329,0.52314,-0.79531,-0.235523,0.195797
9956685336583,1.23128,0.985938,1.07092,0.511608,-0.794027,-0.285209,0.162586
9956918350083,1.14651,0.955601,1.11156,0.548863,-0.686343,-0.406649,0.249637
9957151373683,1.11771,0.987925,1.08153,0.517933,-0.770581,-0.277942,0.246371
9957384397283,1.09249,0.985051,1.15104,0.652506,-0.720999,-0.152294,0.176643
9957617419283,0.978748,0.95585,1.13603,0.631357,-0.701053,-0.252089,0.215323
9957850449383,0.877356,1.00222,1.19217,0.671562,-0.583557,-0.30067,0.343604
9958083465883,0.788934,1.12905,1.18129,0.649076,-0.573886,-0.326743,0.377616
9958316490183,0.647862,1.14781,1.21788,0.571142,-0.511926,-0.424484,0.481187
9958549512883,0.50166,0.989522,1.15202,0.330449,-0.318586,-0.635804,0.620532
9958782536083,0.436425,0.870613,1.09869,0.0473926,-0.200749,-0.770777,0.602791
9959015558383,0.362954,0.868706,1.08444,-0.0912076,-0.118777,-0.808387,0.569283
9959248608683,0.258326,0.92272,1.07697,-0.135692,-0.0816239,-0.817771,0.553331
9959481605083,0.232632,0.926048,1.11161,-0.164497,-0.0434696,-0.818369,0.548929
9959714628383,0.304794,0.879422,1.08541,-0.170365,-0.0320446,-0.83615,0.520387
9959947651683,0.489143,0.798333,1.074,-0.173321,-0.0125354,-0.834341,0.523143
9960180673783,0.689441,0.727742,1.07923,-0.179322,0.035339,-0.832367,0.523222
9960413735183,0.872236,0.643594,1.05677,-0.22266,0.085234,-0.834701,0.49642
9960646726383,1.04073,0.554924,1.05688,-0.228624,0.129626,-0.839066,0.476337
9960879751483,1.1714,0.543477,1.07647,-0.218038,0.155053,-0.839001,0.473809
9961112766483,1.28541,0.593735,1.07991,-0.15461,0.138871,-0.843645,0.495049
9961345789283,1.42678,0.656405,1.07198,-0.12119,0.164926,-0.849111,0.486953
9961578813683,1.49112,0.714807,1.06561,-0.102122,0.195332,-0.85247,0.474037
9961811836483,1.49724,0.734512,1.07481,-0.148626,0.227734,-0.839335,0.470706
9962044901683,1.50724,0.709141,1.02832,-0.199958,0.29065,-0.847721,0.396116
9962277882183,1.54937,0.707453,1.00966,-0.213485,0.32176,-0.84086,0.379275
9962510906183,1.59719,0.737009,1.05372,-0.18688,0.303364,-0.819243,0.449319
9962743928683,1.66005,0.713209,1.07079,-0.18481,0.25288,-0.814921,0.487648
9962976951483,1.74972,0.58777,1.02377,-0.185659,0.22761,-0.834059,0.466979
9963209975283,1.83514,0.444923,0.977087,-0.168567,0.232582,-0.87002,0.400695
9963443000183,1.8812,0.369582,0.95487,-0.152724,0.236106,-0.890997,0.356444
9963676039383,1.9067,0.346697,0.962583,-0.119654,0.201558,-0.899599,0.368481
9963909044783,1.93282,0.361514,0.978077,-0.0878545,0.160307,-0.904857,0.38447
9964142068283,1.95126,0.392137,1.00428,-0.04648,0.140418,-0.897998,0.414393
9964375090483,1.94783,0.418137,1.02832,0.0158432,0.112646,-0.882631,0.456094
9964608119383,1.92884,0.441417,1.04302,0.0221112,0.106131,-0.875073,0.471694
9964841137483,1.9054,0.473301,1.0623,-0.0546199,0.175189,-0.858204,0.479387
9965074160483,1.8754,0.511272,1.07212,-0.187576,0.342006,-0.79609,0.462696
9965307183583,1.844,0.610848,1.07658,-0.306927,0.536461,-0.674877,0.40317
9965540205383,1.75381,0.805344,1.08605,-0.427914,0.720626,-0.449549,0.309021
9965773229783,1.54005,0.961611,1.09424,-0.507934,0.82535,-0.193131,0.153303
9966006258483,1.32671,1.03982,1.05584,-0.498999,0.863224,-0.0581355,0.0496522
9966239275583,1.15879,1.07396,1.0024,-0.431366,0.90131,0.0284767,-0.0274496
9966472299083,1.09677,1.06483,0.992828,-0.418824,0.906108,0.0516691,-0.0297394
9966705321583,1.101,1.04307,0.983963,-0.408155,0.91162,0.0485321,0.00207275
9966938345483,1.13183,0.998864,0.99449,-0.423433,0.90352,0.059068,0.029462
9967171368483,1.19588,0.915241,1.01347,-0.452941,0.888931,0.0676274,0.00851341
9967870437283,1.27558,0.811405,1.04275,-0.45289,0.883798,0.0341226,-0.112371
9968103460683,1.22584,0.852893,1.02631,-0.426852,0.896281,0.00601131,-0.120174
9968336537783,1.22468,0.89708,1.01212,-0.420198,0.903088,-0.0637231,-0.0616812
9968569508483,1.20945,0.917,1.00145,-0.409385,0.905633,-0.110513,-0.0044232
9968802535083,1.22296,0.910321,1.00807,-0.412488,0.88993,-0.132526,0.142532
9969035553183,1.24167,0.895825,1.01398,-0.397528,0.88048,-0.141507,0.216107
9969268576283,1.25794,0.840212,1.02004,-0.392729,0.873829,-0.20759,0.197718
9969501599283,1.23884,0.774546,1.00227,-0.398595,0.878967,-0.237057,0.111103
9969734622983,1.24305,0.673952,1.00511,-0.411337,0.871761,-0.251448,0.0872274
9969967645383,1.3005,0.550287,1.03615,-0.406167,0.810267,-0.355926,0.227621
9970200672783,1.34422,0.469505,1.06956,-0.38753,0.745193,-0.414804,0.349922
9970433692283,1.32464,0.530997,1.04739,-0.463477,0.793091,-0.357266,0.168987
9970666714683,1.24916,0.617176,1.04532,-0.505746,0.822242,-0.260203,-0.0208073
9970899739283,1.14948,0.70818,1.07744,-0.53816,0.828506,-0.131565,-0.0815583
9971132760283,1.05285,0.844426,1.07905,-0.5286,0.845961,-0.00908686,-0.0696436
9971365790983,0.949378,0.933316,1.07694,-0.499179,0.859152,0.0785683,-0.0806545
9971598807883,0.884029,0.966161,1.07932,-0.488966,0.854055,0.145278,-0.101965
9972064852983,0.872446,0.993757,1.07027,-0.461839,0.846829,0.223712,-0.139783
9972297876983,0.944796,1.02661,1.06925,-0.46647,0.854045,0.193064,-0.125458
9972530900183,1.04889,1.06231,1.07527,-0.483246,0.859072,0.135619,-0.100379
9972763928583,1.10906,1.06935,1.07462,-0.482707,0.863305,0.125066,-0.0778267
9972996968383,1.0928,1.04951,1.08129,-0.480635,0.848751,0.18603,-0.118344
9973229968683,1.01651,0.996838,1.08211,-0.470096,0.828055,0.260206,-0.160088
9973462992883,0.873458,0.879337,1.10378,-0.511989,0.763057,0.341729,-0.197059
9973696015883,0.70108,0.720704,1.09278,-0.527246,0.699909,0.431774,-0.213801
9973929038483,0.586661,0.592876,1.0271,-0.424015,0.67748,0.549674,-0.243086
9974162066983,0.553287,0.564813,1.02627,-0.409996,0.668713,0.569933,-0.244752
9974395085583,0.545994,0.605291,1.08885,-0.49493,0.657442,0.505262,-0.259856
9974628108583,0.553827,0.711276,1.16592,-0.630974,0.646014,0.358392,-0.236841
9974861131583,0.556248,0.830564,1.22429,-0.71373,0.62309,0.233715,-0.218462
9975094155483,0.528801,0.897754,1.26924,-0.774416,0.549537,0.186104,-0.2523
9975327176983,0.473924,0.943455,1.28763,-0.825607,0.503762,0.180154,-0.179282
9975560207883,0.376376,0.979251,1.26431,-0.821549,0.505965,0.214167,-0.152281
9975793224083,0.236364,0.991658,1.21167,-0.675754,0.572618,0.36663,-0.28469
9976026245883,0.14114,0.951219,1.16178,-0.420939,0.504411,0.579215,-0.482586
9976259269183,0.184636,0.913607,1.15909,-0.18911,0.284848,0.72471,-0.598243
9976492292483,0.271076,0.909453,1.23786,-0.0953942,0.118308,0.641441,-0.751969
9976725316483,0.386425,0.869838,1.26291,-0.0452338,0.0515695,0.596226,-0.799881
9976958341383,0.582736,0.769705,1.21186,0.0580292,-0.10339,0.687642,-0.716304
9977191362383,0.801624,0.746725,1.1347,0.155504,-0.357058,0.722503,-0.571242
9977424384983,0.947394,0.784797,1.12341,0.289833,-0.510079,0.634232,-0.503553
9977657407883,1.01864,0.836491,1.16243,0.505668,-0.597038,0.460728,-0.419017
9977890432083,1.01953,0.819203,1.21649,0.673974,-0.618296,0.275646,-0.295783
9978123464083,0.975994,0.795314,1.25503,0.782127,-0.608547,0.0757067,-0.110531
9978356479883,0.917072,0.791656,1.23717,0.765439,-0.632198,-0.101671,0.0639751
9978589500583,0.905934,0.839075,1.18308,0.692999,-0.688965,-0.182989,0.107677
9978822523883,0.904872,0.880934,1.13261,0.596623,-0.752906,-0.234119,0.14954
9979055547983,0.934751,0.904668,1.1357,0.587795,-0.743164,-0.258964,0.187463
9979288597583,1.10411,0.982475,1.18623,0.703222,-0.692075,-0.143163,0.0775537
9979987640283,1.58772,0.800922,1.23588,0.114449,-0.178458,0.595894,-0.774574
9980220663483,1.30471,0.857675,1.24934,-0.196459,0.0559355,0.619105,-0.758277
9980453725783,1.15159,0.944208,1.26358,-0.366457,0.239409,0.562781,-0.701193
9980686708983,0.9832,1.10263,1.25773,-0.501303,0.37406,0.479986,-0.615132
9980919750483,0.792844,1.29953,1.23798,-0.586268,0.468811,0.428425,-0.50295
9981152755683,0.647622,1.45262,1.22661,-0.5776,0.545219,0.42361,-0.43551
9981385778483,0.50324,1.50293,1.1865,-0.521463,0.57475,0.461382,-0.429959
9981618802083,0.320147,1.45591,1.15628,-0.444022,0.545844,0.540128,-0.461693
9981851824383,0.143722,1.35851,1.1422,-0.334683,0.507013,0.623661,-0.491907
9982084873783,0.0565628,1.21518,1.11113,-0.108454,0.367131,0.7465,-0.544234
9982317877183,-0.0298439,1.17244,1.09367,0.00603472,0.28551,0.787542,-0.546099
9982550894383,-0.120756,1.1678,1.10681,0.0388503,0.225446,0.807415,-0.543826
9982783916983,-0.163371,1.13911,1.09093,0.0682491,0.203422,0.83078,-0.513582
9983016940283,-0.160788,1.09083,1.08434,0.0523348,0.243595,0.827927,-0.502453
9983249963683,-0.148347,1.03647,1.04048,-0.0410675,0.392507,0.779272,-0.486813
9983482986783,-0.0937821,1.09693,1.00694,-0.203034,0.629011,0.646338,-0.381272
9983716032783,0.102812,1.24951,1.02925,-0.380444,0.796279,0.415914,-0.219586
9983949032583,0.400598,1.35335,1.038,-0.452706,0.877887,0.156077,-0.00340632
9984182056483,0.668429,1.32825,1.02452,-0.410072,0.895444,0.00270162,0.173247
9984415079383,0.791581,1.26917,1.02756,-0.402571,0.898649,-0.055916,0.165043
9984648102383,0.835893,1.16851,1.04322,-0.424589,0.882494,-0.0947084,0.178768
9984881132583,0.817079,1.06621,1.05783,-0.462906,0.860637,-0.0967031,0.188868
9985114147983,0.802317,1.0075,1.05991,-0.459395,0.862015,-0.0701835,0.202386
9985580194783,0.780072,0.962327,1.08046,-0.485512,0.851822,-0.0407524,0.192398
9985813218883,0.791176,0.965071,1.08113,-0.495636,0.850449,-0.0350983,0.172771
9986046240283,0.851748,0.992698,1.07992,-0.504404,0.852293,-0.0804984,0.112662
9986279269083,1.01501,0.974685,1.08515,-0.491257,0.807853,-0.278709,0.168409
9986512287383,1.16102,0.870168,1.09519,-0.410342,0.684413,-0.502086,0.333329
9986745310683,1.19531,0.740614,1.08425,-0.294991,0.510047,-0.692228,0.416717
9986978334183,1.11548,0.677348,1.09031,-0.152601,0.282403,-0.805292,0.498464
9987211356383,0.965933,0.67882,1.10553,0.0290156,0.0293906,-0.828562,0.558372
9987444380083,0.721309,0.727411,1.14126,0.211625,-0.279449,-0.743833,0.569065
9987677408783,0.458284,0.83917,1.11233,0.299661,-0.519411,-0.631531,0.491512
9987910425983,0.30868,0.993777,1.10342,0.433518,-0.686051,-0.463799,0.355368
9988143453183,0.253443,1.09735,1.14789,0.561688,-0.712137,-0.312311,0.282539
9988376471583,0.146083,1.16221,1.17292,0.632167,-0.676759,-0.270515,0.263029
9988609496483,-0.0266762,1.20923,1.20567,0.659555,-0.622675,-0.291326,0.303961
9988842517683,-0.162818,1.27417,1.23569,0.640249,-0.583453,-0.325635,0.378979
9989075549183,-0.267867,1.34332,1.23154,0.572142,-0.528804,-0.400142,0.482604
9989308564483,-0.339199,1.42033,1.24843,0.467055,-0.422598,-0.509125,0.586568
9989541587583,-0.357766,1.46397,1.26031,0.356606,-0.320561,-0.566051,0.670566
9989774611183,-0.305398,1.42075,1.25849,0.227682,-0.220891,-0.614944,0.72195
9990007634283,-0.183948,1.33979,1.24567,0.180355,-0.15598,-0.64282,0.72796
9990240665083,-0.0119352,1.22749,1.21965,0.0489433,-0.0461893,-0.696603,0.714294
9990473680683,0.132458,1.15005,1.21008,-0.0921433,0.0608652,-0.710612,0.694864
9990706703483,0.0478867,1.07669,1.19565,0.111358,-0.133062,-0.708841,0.683695
9990939726983,-0.0658724,1.05613,1.2061,0.248668,-0.365108,-0.604638,0.662777
9991172748783,-0.0662701,1.0504,1.26936,0.391219,-0.39962,-0.415627,0.717291
9991405773183,0.0135084,1.02808,1.29441,0.641935,-0.406764,-0.321465,0.564909
9991638801583,0.120384,1.01126,1.28356,0.830802,-0.465825,-0.205425,0.224892
9991871820183,0.205019,1.06181,1.27884,0.853775,-0.499738,-0.132128,0.062219
9992104842183,0.248894,1.17059,1.26635,0.77667,-0.550995,-0.150416,0.265637
9992337866383,0.221978,1.23164,1.23541,0.652418,-0.485171,-0.398847,0.424124
9992570887783,0.203713,1.20619,1.22745,0.624683,-0.327855,-0.572255,0.418098
9992803911083,0.185463,1.2654,1.23793,0.651721,-0.393615,-0.494394,0.419406
9993036940583,0.233729,1.41488,1.24488,0.704061,-0.589178,-0.211403,0.335374
9993269958583,0.331267,1.5227,1.20653,0.700044,-0.700988,-0.00890916,0.135922
9993736003583,0.141696,1.23073,1.14329,0.455176,-0.414916,-0.657798,0.433546
9993969027583,0.0939049,1.11567,1.11236,0.374885,-0.46412,-0.666056,0.447687
9994202050683,0.055263,1.21055,1.08301,0.419839,-0.681517,-0.49052,0.34447
9994435078483,0.194719,1.42963,1.12467,0.564353,-0.792693,-0.0879835,0.213077
9994668113983,0.286302,1.55128,1.15312,0.620653,-0.763649,0.00947928,0.177596
9994901119083,0.251747,1.60727,1.17528,0.615654,-0.727289,-0.159307,0.25815
9995134142883,0.179065,1.44963,1.176,0.492159,-0.610079,-0.459507,0.417656
9995367165883,0.172086,1.25879,1.20168,0.500478,-0.448478,-0.57321,0.468848
9995600190683,0.147193,1.26026,1.188,0.495747,-0.639515,-0.36877,0.457453
9995833216683,0.247097,1.34951,1.171,0.574923,-0.736014,0.00874538,0.35731
9996066234583,0.356149,1.39005,1.17456,0.651232,-0.693042,0.199067,0.236564
9996299258483,0.435912,1.46939,1.19825,0.715915,-0.659568,0.196428,0.117695
9996532282183,0.388682,1.56636,1.23596,0.759616,-0.632102,-0.152758,-0.00981065
9996765305983,0.249873,1.50088,1.16731,0.661338,-0.550007,-0.497419,0.112684
9996998330883,0.181702,1.28314,1.13571,0.523238,-0.357883,-0.704246,0.319656
9997231351683,0.139076,1.1239,1.12532,0.372364,-0.323939,-0.733721,0.46697
9997464374683,0.0285185,1.11908,1.1404,0.389702,-0.522838,-0.592246,0.473305
9997697396683,-0.0214931,1.18683,1.13575,0.449856,-0.643019,-0.458612,0.416931
9997930419983,0.0327419,1.32514,1.15408,0.563698,-0.716603,-0.286643,0.294211
9998163443183,0.115074,1.46161,1.14347,0.606988,-0.767476,-0.174582,0.109847
9998396473583,0.0810613,1.5568,1.16706,0.648547,-0.698353,-0.297157,0.0582148
9998629489583,-0.000233956,1.54601,1.13373,0.574814,-0.646436,-0.437637,0.245323
9998862517183,-0.0206929,1.53044,1.17231,0.518239,-0.639826,-0.357573,0.440672
9999095536083,-0.0458359,1.48268,1.16911,0.539697,-0.589157,-0.452439,0.396131
9999328565883,-0.0896557,1.36376,1.17243,0.546273,-0.483317,-0.558862,0.394543
9999561582183,-0.0804172,1.39834,1.2056,0.58878,-0.626017,-0.298549,0.415102
9999794611283,-0.0537037,1.41396,1.181,0.646163,-0.657243,-0.249023,0.297477
10000027628583,-0.0186838,1.41559,1.2689,0.794018,-0.520899,-0.204436,0.237498
10000260651183,0.0877474,1.43737,1.32513,0.900691,-0.402587,-0.0892006,0.136831
10000493674683,0.173026,1.51156,1.32012,0.907094,-0.414209,-0.0612995,0.0430474
10000726697983,0.257078,1.60736,1.31158,0.873072,-0.485746,0.0423855,0.000279879
10000959747283,0.322465,1.64688,1.29172,0.800166,-0.533447,0.166277,-0.217993
10001192750183,0.327634,1.63555,1.28001,0.695233,-0.548353,0.176878,-0.429737
10001425767383,0.357424,1.59944,1.20894,0.586235,-0.631895,0.25337,-0.439136
10001658790283,0.414289,1.48953,1.18693,0.576746,-0.622333,0.389523,-0.358242
10001891813483,0.503821,1.30351,1.20339,0.54188,-0.535195,0.440219,-0.475541
10002124893983,0.568109,1.13061,1.27664,0.595525,-0.40236,0.375319,-0.585314
10002357858983,0.625924,1.10876,1.28043,0.652791,-0.493766,0.260951,-0.511823
10002590890083,0.682604,1.1496,1.27554,0.732209,-0.539555,0.219046,-0.353227
10002823907483,0.761606,1.23771,1.24861,0.757696,-0.58866,0.182758,-0.214418
10003056928883,0.768329,1.36626,1.23946,0.745155,-0.653915,-0.0420532,-0.123978
10003289952383,0.729731,1.41794,1.24545,0.737036,-0.637934,-0.179975,0.132013
10003522974483,0.734274,1.44667,1.22078,0.642755,-0.632271,-0.311738,0.299864
10003756032183,0.793757,1.42674,1.20614,0.567393,-0.531227,-0.498066,0.38444
10003989021883,0.836629,1.354,1.22781,0.415324,-0.395045,-0.576716,0.582103
10004222044583,0.841769,1.28825,1.2425,0.366209,-0.215816,-0.625677,0.654097
10004455067283,0.777198,1.27116,1.2585,0.351347,-0.229866,-0.591574,0.6883
10004688090283,0.648522,1.33301,1.26353,0.40326,-0.409092,-0.480012,0.663033
10004921114383,0.533994,1.34348,1.24769,0.446737,-0.377347,-0.518469,0.62388
10005154143683,0.503682,1.26427,1.26361,0.224421,-0.145574,-0.626861,0.731771
10005387170583,0.543903,1.20439,1.25011,-0.0246436,0.0291556,-0.665706,0.745237
10005620182383,0.588567,1.13668,1.23643,-0.0963475,0.0963657,-0.678122,0.722206
10005853207483,0.60814,1.03758,1.24187,-0.0661841,0.046671,-0.668438,0.739346
10006086229583,0.600917,0.935515,1.22722,0.0324839,-0.100171,-0.67838,0.727125
10006319252683,0.561535,0.868839,1.21255,0.237335,-0.23423,-0.661204,0.672025
10006552282183,0.552648,0.771865,1.19409,0.302963,-0.276812,-0.652362,0.637191
10006785298283,0.538612,0.645026,1.19527,0.30706,-0.297699,-0.653891,0.624112
10007018322283,0.529104,0.582329,1.1888,0.383088,-0.38339,-0.622458,0.564625
10007251345483,0.561357,0.56748,1.18473,0.521367,-0.50099,-0.526028,0.44775
10007484372483,0.640225,0.557719,1.21004,0.653787,-0.571975,-0.369588,0.329867
10007717390783,0.693884,0.592939,1.21815,0.702298,-0.602897,-0.287392,0.246371
10007950419283,0.765659,0.714797,1.21645,0.704357,-0.667914,-0.156666,0.182285
10008183437983,0.81315,0.878108,1.20133,0.699175,-0.699412,-0.103777,0.105864
10008416460383,0.81095,1.00377,1.17481,0.64421,-0.745271,-0.151149,0.0819665
10008649484883,0.776932,1.09861,1.15122,0.614242,-0.767973,-0.171017,0.0606392
10008882506683,0.690424,1.17955,1.15924,0.663405,-0.728303,-0.152033,0.0797138
10009115530483,0.561169,1.24032,1.20431,0.718557,-0.66224,-0.157572,0.142428
10009348557683,0.425153,1.24944,1.29384,0.78269,-0.506651,-0.17664,0.315436
10009581592883,0.317397,1.24466,1.32006,0.755402,-0.385663,-0.224239,0.479947
10009814601283,0.209032,1.29771,1.33357,0.665909,-0.393778,-0.196018,0.602561
10010047621983,0.104396,1.30171,1.29416,0.636422,-0.369061,-0.261734,0.624705
10010280646583,0.0805791,1.1545,1.3463,0.578306,-0.150037,-0.415296,0.685989
10010513675683,0.0577692,1.09258,1.26851,0.396074,-0.199058,-0.482137,0.755675
10010746693183,0.0248593,1.11816,1.26766,0.325737,-0.379253,-0.400338,0.767979
10010979714883,0.0129846,1.12135,1.25501,0.495256,-0.363734,-0.44421,0.651994
10011212737483,-0.00225506,1.13484,1.23823,0.594216,-0.32767,-0.492612,0.54486
10011445761683,-0.0169022,1.2083,1.23335,0.569512,-0.442796,-0.421675,0.549343
10011678784683,0.0157408,1.30199,1.21514,0.639606,-0.56112,-0.236787,0.46902
10011911814583,0.0567168,1.36667,1.24061,0.765932,-0.564494,-0.244199,0.187246
10012144830183,0.144803,1.44699,1.2167,0.787228,-0.576825,-0.211134,0.0544802
10012377854383,0.326881,1.55231,1.25746,0.787109,-0.607087,0.0782769,0.0760106
10012610877083,0.481252,1.58938,1.20464,0.74695,-0.609256,0.2428,-0.109184
10012843899683,0.563696,1.64415,1.234,0.687037,-0.64724,0.156724,-0.290685
10013076923583,0.674341,1.65549,1.22723,0.71387,-0.59682,0.233808,-0.28201
10013309951083,0.813439,1.58976,1.24421,0.683679,-0.459418,0.441396,-0.355932
10013542970483,0.928772,1.53935,1.231,0.524258,-0.465375,0.465935,-0.539893
10013775992483,1.04338,1.48987,1.22885,0.421287,-0.496975,0.416664,-0.633975
10014009015283,1.12992,1.38605,1.26874,0.467861,-0.344051,0.482594,-0.655621
10014242038283,1.18647,1.28991,1.23581,0.407458,-0.169664,0.594127,-0.672462
10014475061583,1.2612,1.22314,1.26099,0.14996,-0.229669,0.568518,-0.775597
10014708090483,1.35963,1.17274,1.23094,0.135103,-0.341574,0.521399,-0.770206
10014941108383,1.32031,1.06003,1.29285,0.251758,-0.067656,0.56305,-0.784229
10015174132183,1.37048,0.961724,1.25444,0.165915,-0.0277306,0.644779,-0.74563
10015407153583,1.50172,0.891544,1.18128,0.0436816,-0.115838,0.696276,-0.707017
10015640177683,1.48677,0.798706,1.21054,-0.0197785,-0.0166004,0.684282,-0.72876
10015873200883,1.35619,0.729201,1.20593,-0.0728128,0.161354,0.665161,-0.725413
10016106227683,1.19565,0.605434,1.19234,-0.178373,0.146941,0.677749,-0.698032
10016339247583,0.961145,0.434711,1.16469,-0.214039,0.166351,0.672798,-0.688373
10016572269483,0.824443,0.3503,1.19967,-0.27199,0.249818,0.661248,-0.652965
10016805293183,0.720471,0.356352,1.21614,-0.404191,0.411881,0.546745,-0.606675
10017038316483,0.679759,0.370472,1.2279,-0.578705,0.533309,0.406326,-0.464307
10017271346283,0.670811,0.351072,1.22386,-0.649932,0.528223,0.414238,-0.356336
10017504362083,0.700258,0.426279,1.21376,-0.673269,0.638472,0.152022,-0.340516
10017737384383,0.710349,0.513907,1.17239,-0.725243,0.669703,0.104044,-0.121225
10017970408783,0.660256,0.641004,1.17048,-0.665224,0.722094,0.176988,-0.0687938
10018203431983,0.609426,0.812961,1.1262,-0.596817,0.771942,0.207725,-0.0690326
10018436456183,0.527327,0.92317,1.05513,-0.538734,0.814115,0.210534,-0.051564
10018669483483,0.459489,0.954753,0.983591,-0.482705,0.850791,0.204519,0.0363682
10018902501283,0.43869,0.956182,0.961609,-0.454907,0.865084,0.192922,0.086434
10019135524583,0.405544,0.947781,0.94808,-0.438978,0.869749,0.194433,0.114156
10019368546283,0.326599,0.897937,0.907323,-0.436553,0.856761,0.244494,0.124917
10019601570083,0.260901,0.837975,0.87656,-0.422325,0.850476,0.309965,0.0474783
10019834592983,0.265456,0.836844,0.892211,-0.438863,0.85606,0.27301,0.00516573
10020067622783,0.272366,0.815435,1.01917,-0.516655,0.813912,0.25933,-0.0579851
10020300640383,0.313395,0.805684,1.12612,-0.617939,0.742558,0.23137,-0.115006
10020533665983,0.363941,0.865477,1.22377,-0.748677,0.598255,0.206903,-0.196887
10020766685983,0.413444,1.01414,1.28733,-0.789138,0.475271,0.232254,-0.312149
10020999730983,0.420219,1.16226,1.29927,-0.721464,0.438982,0.221641,-0.487503
10021232732583,0.344447,1.14961,1.3075,-0.585801,0.303579,0.379823,-0.648392
10021465761483,0.274133,1.14469,1.28813,-0.455813,0.201484,0.469098,-0.729099
10021698782183,0.211963,1.19126,1.31419,-0.36508,0.166753,0.478836,-0.780785
10021931800983,0.152367,1.23349,1.29274,-0.253453,0.114545,0.516028,-0.810158
10022164881883,0.204554,1.18751,1.28738,-0.013988,-0.0599649,0.568025,-0.820705
10022397848383,0.287433,1.09805,1.26984,0.199504,-0.168628,0.526437,-0.80909
10022630882983,0.373019,0.984434,1.27068,0.33835,-0.222417,0.49592,-0.768188
10022863897883,0.426595,0.88425,1.2896,0.41523,-0.250072,0.469627,-0.737902
10023096916883,0.477262,0.786141,1.2826,0.456719,-0.325329,0.419447,-0.713887
10023329940983,0.498584,0.668462,1.29921,0.49329,-0.334591,0.393614,-0.699844
10023562963983,0.573192,0.577886,1.29066,0.506556,-0.361928,0.385371,-0.681101
10023796043883,0.704978,0.514804,1.27196,0.512475,-0.371339,0.379664,-0.674783
10024029015883,0.85223,0.475032,1.28131,0.518416,-0.381214,0.37194,-0.669015
10024262033483,0.97112,0.428769,1.28106,0.527085,-0.392048,0.379555,-0.651474
10024495056283,1.09732,0.389463,1.27086,0.547421,-0.423209,0.356796,-0.627632
10024728078983,1.21201,0.328586,1.28118,0.571015,-0.447507,0.334747,-0.601352
10024961103883,1.29303,0.273782,1.28621,0.578775,-0.449834,0.334018,-0.592537
10025194124683,1.34354,0.266536,1.28388,0.588526,-0.462716,0.325096,-0.577792
10025427163283,1.38221,0.303992,1.27563,0.599215,-0.480349,0.303637,-0.563924
10025660172283,1.41896,0.397253,1.26851,0.606255,-0.484588,0.281977,-0.56402
10025893196183,1.45863,0.562202,1.26138,0.585031,-0.480234,0.268985,-0.595618
10026126217283,1.47242,0.751764,1.27419,0.58242,-0.497648,0.268481,-0.583996
10026359240683,1.48039,0.853163,1.26893,0.57829,-0.516284,0.274364,-0.568996
10026592264583,1.49541,0.909449,1.26762,0.578149,-0.509807,0.283744,-0.570377
10026825293183,1.52839,0.965199,1.26443,0.583202,-0.512301,0.289113,-0.560211
10027058310583,1.58219,0.977017,1.28853,0.539363,-0.454269,0.339077,-0.622699
10027291333183,1.58745,0.938831,1.31295,0.453606,-0.290398,0.423989,-0.72811
10027524358083,1.54505,0.947523,1.31486,0.336452,-0.209889,0.44799,-0.801281
10027757380483,1.51157,0.989646,1.3159,0.32413,-0.217916,0.438466,-0.809444
10027990403083,1.47631,1.01656,1.31185,0.32579,-0.238586,0.437234,-0.803594
10028223432883,1.44088,1.03222,1.3083,0.350292,-0.278394,0.433477,-0.782234
10028456448583,1.41603,1.06156,1.30412,0.410191,-0.33411,0.409132,-0.743454
10028689473083,1.40686,1.11753,1.30064,0.521009,-0.411506,0.354287,-0.658554
10028922495883,1.42002,1.16189,1.29792,0.588179,-0.465391,0.30677,-0.58596
10029155518883,1.45341,1.16116,1.29082,0.573666,-0.478206,0.325399,-0.57995
10029388541083,1.47729,1.16862,1.28667,0.574107,-0.487342,0.323212,-0.573091
10029621567883,1.49774,1.18275,1.28384,0.589553,-0.50719,0.304752,-0.549829
10030087611683,1.14036,1.22024,1.27286,0.731549,-0.501567,-0.307737,0.344331
10030320635183,0.996965,1.14985,1.25499,0.667397,-0.431585,-0.416724,0.441198
10030553656783,0.832154,1.12627,1.22053,0.526106,-0.515066,-0.457853,0.498288
10030786687383,0.710636,1.15964,1.18508,0.511073,-0.572457,-0.485319,0.419004
10031019706783,0.612015,1.23943,1.17531,0.563301,-0.606497,-0.447992,0.337872
10031252726283,0.505209,1.34309,1.18422,0.620072,-0.624272,-0.379097,0.286498
10031485750583,0.398031,1.38488,1.25368,0.66646,-0.524568,-0.347486,0.399891
10031718772083,0.286217,1.34233,1.26081,0.558292,-0.419717,-0.458484,0.54949
10031951797783,0.21403,1.25603,1.26478,0.401235,-0.267488,-0.546433,0.684742
10032184825683,0.133161,1.20817,1.27263,0.348109,-0.207672,-0.556575,0.725201
10032417842683,0.0470238,1.17048,1.27317,0.352993,-0.199806,-0.550532,0.729649
10032650864883,-0.00629984,1.14585,1.2818,0.3692,-0.204912,-0.538052,0.729522
10032883887883,-0.0149258,1.12665,1.28298,0.391779,-0.204577,-0.526013,0.726614
10033116911783,0.0704227,1.17867,1.34026,0.557919,-0.172229,-0.323843,0.744439
10033349935183,0.258717,1.25361,1.35579,0.689645,-0.132634,-0.0575885,0.709564
10033582965183,0.384547,1.26229,1.3526,0.719877,-0.147443,-0.0471349,0.676621
10033815980183,0.353416,1.22313,1.32406,0.644415,-0.320961,-0.299681,0.626023
10034049004283,0.340536,1.06314,1.24173,0.415521,-0.328096,-0.585969,0.613462
10034282027283,0.483341,0.850649,1.21764,0.132486,-0.143979,-0.684297,0.702464
10034515050083,0.701298,0.707249,1.23168,-0.1256,0.0807837,-0.647321,0.747445
10034748074083,0.831521,0.693601,1.27612,-0.342622,0.228866,-0.524342,0.745182
10034981101683,0.890161,0.651324,1.27913,-0.420144,0.285333,-0.477567,0.716934
10035214119683,0.933019,0.549718,1.26818,-0.451479,0.30247,-0.473588,0.693104
10035447143083,0.974422,0.422178,1.28337,-0.47198,0.319307,-0.449735,0.687762
10035680166483,1.02593,0.317181,1.27205,-0.490372,0.334427,-0.471108,0.652496
10035913188483,1.09186,0.28558,1.23045,-0.47533,0.419378,-0.504192,0.586493
10036146212183,1.18188,0.347119,1.17923,-0.490141,0.583037,-0.445476,0.470511
10036379238683,1.30596,0.410664,1.13383,-0.484008,0.662588,-0.420992,0.386624
10036612259383,1.45731,0.462144,1.11369,-0.460768,0.68731,-0.437985,0.351379
10036845282883,1.56701,0.419825,1.10918,-0.394421,0.636842,-0.520748,0.409495
10037311328083,1.18848,0.283221,1.26634,0.562726,-0.195335,-0.43393,0.675935
10037544357883,1.0861,0.377929,1.28896,0.817061,-0.290154,-0.25542,0.427764
10037777373283,1.05931,0.385129,1.27881,0.870699,-0.295521,-0.212886,0.330499
10038010404983,0.998462,0.34554,1.27222,0.75748,-0.268973,-0.344923,0.48467
10038476443883,1.18991,0.425214,1.27021,-0.425323,0.336169,-0.459667,0.703418
10038709466683,1.23562,0.477102,1.26571,-0.508227,0.400871,-0.398743,0.649624
10038942495683,1.2555,0.414752,1.27708,-0.461923,0.352502,-0.458284,0.672566
10039175512183,1.11092,0.333866,1.26743,-0.209906,0.121819,-0.58881,0.770975
10039641559383,0.659228,0.747397,1.20866,0.510891,-0.554697,-0.413659,0.510086
10039874582783,0.600136,0.925152,1.21561,0.640165,-0.621771,-0.282193,0.352074
10040107605483,0.549237,1.03295,1.23258,0.728421,-0.608162,-0.213353,0.232428
10040340633283,0.488183,1.12558,1.26614,0.7996,-0.563387,-0.147465,0.146594
10040573651383,0.428033,1.20237,1.29847,0.846627,-0.506653,-0.115568,0.114753
10040806675083,0.420556,1.30327,1.297,0.841631,-0.520647,-0.0867853,0.114248
10041272720483,0.166003,1.24788,1.23919,0.0390306,0.00195121,-0.551961,0.832954
10041971790483,0.0843004,1.63133,1.20489,0.812176,-0.574061,-0.0748464,0.0722578
10042204846383,0.0789557,1.61136,1.20315,0.807794,-0.575527,-0.0917891,0.0883904
10043136908583,-0.124685,1.69302,1.153,0.752656,-0.65135,-0.067867,0.0681682
10043602951383,-0.160415,1.2583,1.15229,0.170317,-0.140574,-0.628192,0.746061
10044535072583,-0.130504,1.16365,1.12526,0.284959,-0.178195,-0.643048,0.688138
10045234114083,0.0212395,1.24577,1.15184,0.190617,-0.161132,-0.64649,0.720939
10045700165783,0.327708,1.53254,1.17017,0.743277,-0.668523,0.0228818,-0.00961973
10046166206983,0.602977,0.977957,1.20747,0.155267,-0.156923,-0.674923,0.704092
10046865275183,0.621843,1.00898,1.21514,0.294245,-0.262746,-0.646359,0.65315
10047331322183,1.0416,1.26958,1.2237,0.725015,-0.676287,-0.103598,0.0790999
10047797368083,0.796462,0.924154,1.19125,0.24146,-0.252146,-0.696545,0.626853
10048030390583,0.76788,0.960317,1.18307,0.288858,-0.335786,-0.685328,0.578044
10048263414783,0.739276,1.01291,1.17225,0.299678,-0.411495,-0.662811,0.549133
10048496443783,0.69974,1.11429,1.15534,0.370029,-0.52634,-0.602683,0.472036
10048729461083,0.715795,1.30801,1.14915,0.518536,-0.679148,-0.422646,0.302074
10048962483183,0.785136,1.44284,1.17197,0.629675,-0.73274,-0.226059,0.124495
10049195507583,0.757751,1.41266,1.23172,0.717595,-0.643063,-0.19079,0.187421
10049661553083,0.825688,0.868294,1.20955,0.05398,-0.0234573,-0.712956,0.698735
10049894607983,0.893127,0.786628,1.17195,-0.0977935,0.10644,-0.765315,0.627216
10050127598883,0.8773,0.745619,1.15654,-0.168457,0.177514,-0.774039,0.58393
10050360623683,0.85916,0.695794,1.16239,-0.218666,0.21015,-0.759029,0.576105
10050593646283,0.724509,0.614369,1.1367,-0.055812,0.0116795,-0.788745,0.61207
10050826669083,0.503831,0.884625,1.17589,0.485886,-0.470305,-0.574819,0.460773
10051525738583,0.679758,0.944317,1.2044,0.0449806,0.0204619,0.69394,-0.718335
10052457837883,0.712416,0.957024,1.17272,-0.381927,0.421487,-0.592094,0.570881
10052690854383,0.64935,0.990082,1.19253,-0.471463,0.460084,-0.529778,0.53421
10053389922683,0.478202,1.14537,1.23046,0.481428,-0.349081,0.478053,-0.646402
10053622947683,0.51245,1.07127,1.23912,0.189661,-0.0514237,0.668338,-0.717432
10053855975283,0.707366,1.05461,1.34831,0.373508,-0.143096,0.636292,-0.659657
10054555037883,0.520059,0.97754,1.19905,-0.186339,0.168787,-0.715127,0.652213
10055254115783,0.67049,0.938832,1.24977,0.406904,-0.363754,0.575353,-0.609164
10055487130683,0.733877,0.847079,1.20326,0.233466,-0.204579,0.672778,-0.671573
10056186199883,0.27496,0.958449,1.16577,0.445783,-0.527716,-0.568988,0.446145
10056419223383,0.266944,0.805375,1.11798,0.216062,-0.36584,-0.748815,0.508678
10056652248583,0.264964,0.7926,1.11833,0.126302,-0.22111,-0.784448,0.565508
10056885270083,0.273786,0.818226,1.18766,0.0387193,-0.0805849,-0.711416,0.697061
10057118293683,0.344163,0.850863,1.19823,-0.0386717,0.0438277,-0.709172,0.702608
10057351316283,0.4658,0.829124,1.17172,-0.107802,0.120354,-0.722826,0.671876
10057584338883,0.619686,0.77736,1.17819,-0.14759,0.170451,-0.716107,0.660571
10057817368083,0.778191,0.670629,0.999263,-0.143834,0.216232,-0.85979,0.439678
10058050386183,0.777378,0.583886,0.866161,-0.0316605,0.151601,-0.930063,0.333164
10058283408883,0.58434,0.524831,1.11446,0.0897356,-0.0599108,-0.775397,0.622188
10058516433183,0.345473,0.642253,1.15332,0.211508,-0.2532,-0.687369,0.647054
10058749454083,0.151111,0.742472,1.20677,0.33549,-0.198701,-0.545544,0.741853
10058982477983,0.211576,0.653968,1.18573,0.151633,-0.0882084,-0.658321,0.732011
10059215507483,0.419734,0.550118,1.14006,0.0461536,0.184311,-0.593262,0.782266
10059448523583,0.165212,0.562998,1.17751,0.258873,-0.0280879,-0.602917,0.754113
10059681546983,-0.114192,0.714526,1.14293,0.346946,-0.307101,-0.489765,0.738544
10059914570283,0.0178087,0.570557,1.18725,0.196223,-0.0672914,-0.59179,0.778944
10060147594083,0.197133,0.508197,1.02225,0.143088,0.0768372,-0.608679,0.776616
10060380617083,-0.0250823,0.726667,1.19286,0.336541,-0.287337,-0.456314,0.771982
10060613645783,-0.0657055,0.863784,1.09356,0.44408,-0.3807,-0.449493,0.675142
10060846662683,0.0663654,0.711688,1.084,0.464953,-0.0318654,-0.623581,0.627654
10061079706983,0.0721015,0.877744,1.11949,0.601703,-0.164027,-0.56618,0.538971
10061312709583,0.159872,1.25296,1.10146,0.665162,-0.474703,-0.334354,0.469493
10061545732783,0.185136,1.28243,1.12888,0.673338,-0.446595,-0.462109,0.365547
10061778756283,0.245134,1.2762,1.0299,0.646335,-0.430426,-0.524201,0.349567
10062011783383,0.383906,1.53028,1.12346,0.683458,-0.618298,-0.24723,0.299115
10062244855883,0.470103,1.6481,1.06215,0.669401,-0.685495,-0.193783,0.210826
10062477825383,0.26455,1.48477,1.08432,0.562898,-0.560723,-0.506281,0.335284
10062710848583,0.208024,1.56737,1.04406,0.491668,-0.673029,-0.444359,0.328388
10062943881683,0.27472,1.7382,0.997941,0.428449,-0.816878,-0.320122,0.216019
10063176893983,0.115355,1.64578,1.09479,0.397153,-0.646131,-0.559849,0.333695
10063409919583,0.0478911,1.59971,1.05555,0.387908,-0.62639,-0.5731,0.358775
10063642940583,0.0387566,1.78703,1.12471,0.500151,-0.77115,-0.294639,0.261466
10063875995983,0.0368585,1.7705,1.04978,0.422316,-0.804089,-0.339198,0.245022
10064108986183,0.000892999,1.5542,1.0569,0.423287,-0.622274,-0.558584,0.348693
10064342010883,0.0758873,1.52527,1.00603,0.328805,-0.773078,-0.495641,0.220406
10064575039883,0.240415,1.63392,1.09028,0.583992,-0.75593,-0.227884,0.188657
10064808056283,0.294066,1.60784,1.0862,0.476888,-0.691592,-0.501027,0.207965
10065041079283,0.350614,1.52319,1.08476,0.43943,-0.626177,-0.538967,0.352588
10065274101683,0.429398,1.44816,1.08933,0.457571,-0.690819,-0.298764,0.473432
10065507133083,0.499322,1.26354,1.00254,0.300923,-0.689667,-0.590231,0.292287
10065740148583,0.565734,1.13018,0.970251,0.371188,-0.300167,-0.800381,0.362642
10065973178883,0.524168,1.30611,1.14139,0.541219,-0.371078,-0.565006,0.500152
10066206194683,0.514873,1.55955,1.00908,0.466578,-0.683518,-0.470475,0.306206
10066439217883,0.4611,1.54811,0.995391,0.293109,-0.615792,-0.651947,0.331441
10066672241683,0.447863,1.5145,0.92112,0.189872,-0.659836,-0.633103,0.357414
10066905264683,0.309973,1.49885,1.03623,0.404246,-0.718873,-0.350855,0.443517
10067138287683,0.225136,1.47068,1.01305,0.484109,-0.722383,-0.437917,0.228102
10067371316283,0.193078,1.48792,0.999692,0.480153,-0.649086,-0.565581,0.168104
10067604333883,0.158879,1.42985,1.01971,0.385651,-0.646751,-0.528408,0.392137
10067837357183,0.120243,1.40227,0.93902,0.40771,-0.683535,-0.484516,0.363037
10068303403783,0.0924232,1.41716,0.879174,0.443683,-0.68549,-0.50251,0.284135
10068536425383,0.0858073,1.41467,0.87278,0.435702,-0.682383,-0.51413,0.283173
10068769456783,0.0821005,1.41457,0.877778,0.435263,-0.680852,-0.51424,0.287305
10069002472183,0.0825653,1.41403,0.88182,0.440272,-0.679466,-0.511983,0.286982
10069235496083,0.0892191,1.41205,0.884827,0.442108,-0.677594,-0.51211,0.288356
10069468517983,0.0981231,1.4115,0.889799,0.445266,-0.674663,-0.510896,0.292496
10072264796583,0.108291,1.40303,0.887374,0.436837,-0.669274,-0.523219,0.295783
10072730846983,0.0959808,1.41061,0.879876,0.433526,-0.672691,-0.524581,0.29044
10072963864883,0.0974561,1.39239,0.875665,0.433017,-0.66317,-0.536431,0.291452
10073196892083,0.186363,1.10167,0.956604,0.318854,-0.442817,-0.704073,0.454451
10073429912583,0.472058,0.823174,1.10202,0.157649,-0.163489,-0.760191,0.60871
10073662936183,0.667184,0.74709,1.16331,0.0180751,-0.0598961,-0.759711,0.647244
10073895957083,0.771396,0.674155,1.16102,-0.0266821,-0.00753487,-0.765252,0.643134
10074128987183,0.869693,0.546384,1.14875,-0.0897123,0.0832041,-0.76108,0.637014
10074362004283,0.970698,0.430419,1.17573,-0.191936,0.179266,-0.74056,0.618543
10074595026883,1.06775,0.332987,1.18773,-0.250522,0.209407,-0.713402,0.620036
10074828050083,1.19222,0.246254,1.1856,-0.257492,0.18706,-0.69454,0.645229
10075061072883,1.33922,0.187058,1.20727,-0.251025,0.21019,-0.655599,0.680439
10075294096883,1.47753,0.143885,1.23799,-0.270455,0.272662,-0.587912,0.711947
10075527124983,1.61201,0.12681,1.2931,-0.359689,0.361375,-0.48241,0.712259
10075760144583,1.78107,0.111277,1.33326,-0.367986,0.472481,-0.433515,0.673359
10075993165483,1.99947,0.111193,1.28724,-0.310569,0.52735,-0.425651,0.666536
10076226188383,2.18473,0.209336,1.27873,-0.274672,0.55556,-0.346784,0.704023
10076459212283,2.26364,0.389599,1.2507,-0.406637,0.623963,-0.278563,0.606399
10076692238983,2.20531,0.544032,1.24669,-0.672136,0.466363,-0.365549,0.443973
10076925260983,2.05478,0.560797,1.14005,-0.762262,0.535038,-0.159818,0.327337
10077158280783,1.92107,0.458682,0.896699,-0.776586,0.575189,0.158274,0.202537
10077391304883,1.83049,0.312303,0.601321,-0.677226,0.7119,0.185172,0.0165536
10077624327983,1.80683,0.204435,0.377278,-0.596996,0.705103,0.380823,0.0374153
10077857350283,1.81607,0.0702248,0.288887,-0.581783,0.705282,0.403516,-0.0357844
10078090379883,1.8044,-0.0392513,0.275349,-0.73092,0.654337,0.175869,-0.0816616
10078323396683,1.78489,-0.0835032,0.230446,-0.806392,0.589845,-0.0237629,-0.0353604
10078556420783,1.74885,-0.0949657,0.155106,-0.825114,0.562166,0.00601956,-0.0558622
10078789443683,1.7347,-0.0880408,0.102226,-0.819086,0.569813,0.0430287,-0.0505885
10079022467283,1.71891,-0.0867354,0.0635737,-0.768425,0.635464,0.0472199,-0.0589739
10079255489283,1.6989,-0.0874935,0.0604083,-0.768097,0.630765,0.0840018,-0.0714527
10079954559583,1.69707,-0.0738263,0.044922,-0.697876,0.707318,0.0922259,-0.0645397
10080653668183,1.69335,-0.0781174,0.0476564,-0.698469,0.705329,0.100974,-0.0667568
10080886657483,1.68827,-0.0797332,0.0475368,-0.697757,0.705325,0.102533,-0.0716803
10081119683583,1.68546,-0.079474,0.0475693,-0.697923,0.703612,0.108177,-0.0783056
10081352697483,1.68482,-0.0791924,0.0471022,-0.697966,0.703542,0.108391,-0.0782593
10081585720683,1.68163,-0.0783299,0.04777,-0.697212,0.701952,0.11838,-0.084533
10081818744783,1.67916,-0.0786421,0.0475945,-0.696872,0.702043,0.117683,-0.0875
10082051767583,1.67958,-0.0786876,0.0474367,-0.69578,0.70247,0.119761,-0.089904
10082517812483,1.67921,-0.0788132,0.0482465,-0.695615,0.70253,0.120283,-0.0900186
10082983859783,1.67769,-0.0796905,0.048179,-0.696832,0.701322,0.11932,-0.0913022
10083216882983,1.6786,-0.0783417,0.046742,-0.693143,0.706445,0.115042,-0.0851677
10083449916583,1.67964,-0.0836078,0.0465501,-0.697054,0.711472,0.0729298,-0.0510273
10083682932383,1.68149,-0.0872866,0.046408,-0.699213,0.710663,0.0644756,-0.0436177
10083915973883,1.68157,-0.0880231,0.0482106,-0.707983,0.701822,0.0635988,-0.0465003
10084381998983,1.68225,-0.0884907,0.0466456,-0.702707,0.708054,0.0589545,-0.0372427
10084615021083,1.68249,-0.0916586,0.0482828,-0.706096,0.704434,0.0602191,-0.0396787
10084848050083,1.68261,-0.091658,0.0470855,-0.705926,0.704613,0.0591789,-0.041073
10085081068083,1.68263,-0.0914011,0.0477037,-0.704574,0.705924,0.0596021,-0.0411659
10085314091183,1.68224,-0.0910214,0.0470277,-0.703123,0.707329,0.0596436,-0.0417948
10085547115183,1.683,-0.0898587,0.0461545,-0.700701,0.709685,0.0599177,-0.0421354
10086013160583,1.68163,-0.0903005,0.0462636,-0.698584,0.711758,0.0607723,-0.0410826
10086479206183,1.68104,-0.0907996,0.0472401,-0.699799,0.710566,0.0604903,-0.0414531
10086712230083,1.68101,-0.0907742,0.0469871,-0.69941,0.710957,0.0604616,-0.0413629
10086945252483,1.67883,-0.0907701,0.0472019,-0.699795,0.710147,0.0639061,-0.0435221
10087178276883,1.67481,-0.0916952,0.0470271,-0.698703,0.710341,0.0682337,-0.0507435
10087411299483,1.67457,-0.0919758,0.0465796,-0.698183,0.710499,0.069647,-0.0536682
10087644329583,1.67487,-0.092544,0.0472353,-0.698587,0.710182,0.0688369,-0.0536656
10087877344583,1.67581,-0.0923388,0.0496625,-0.698831,0.710239,0.0675582,-0.051301
10088343391783,1.67593,-0.0928267,0.0493739,-0.698824,0.710715,0.0641358,-0.0491593
10088576414883,1.67657,-0.0919054,0.049339,-0.698357,0.711,0.0660551,-0.0491203
10088809439083,1.67569,-0.0921624,0.0494456,-0.697584,0.711843,0.0661461,-0.0477625
10089042464883,1.67542,-0.0923155,0.0497242,-0.697648,0.711786,0.066124,-0.0477081
10089275483983,1.67573,-0.0921476,0.049852,-0.697562,0.711856,0.0662148,-0.047789
10089508506983,1.67628,-0.0919183,0.0502982,-0.697483,0.711921,0.0662967,-0.0478617
10089741529783,1.6757,-0.0920537,0.050522,-0.697405,0.712011,0.0662514,-0.0477173
10089974553783,1.676,-0.0919644,0.0506615,-0.697452,0.711957,0.0662263,-0.0478822
10090207579383,1.67605,-0.0919786,0.051138,-0.697437,0.711974,0.0662308,-0.0478344
